ID,EP,NONEP,OTHER
004983f2ebf3d342,0.9236842105263158,0.07631578947368421,0.0
00810b15446476f2,0.9195906432748537,0.0804093567251462,0.0
008a0295237bc03c,0.8411764705882353,0.09607843137254901,0.06274509803921569
020e5bdefc35a891,0.9285714285714286,0.07142857142857142,0.0
03a66d2d2ccee309,1.0,0.0,0.0
05c996e40516008a,0.0,0.0,1.0
0689d6220cba35ae,0.96875,0.03125,0.0
06d3243ea49f003d,0.8529411764705882,0.14705882352941177,0.0
0756f8f887591188,0.8654970760233918,0.13450292397660818,0.0
0789d8cec7990c9a,1.0,0.0,0.0
0835eb078a2fa15e,0.8233082706766917,0.17669172932330826,0.0
08655487b5c3f2b9,0.7659090909090909,0.23409090909090907,0.0
08ab51c4bcf6d716,0.9722222222222222,0.027777777777777776,0.0
090efd7069fe4985,1.0,0.0,0.0
0a6290a3f09a3845,1.0,0.0,0.0
0bb21389412211c9,1.0,0.0,0.0
0bce4efa07bb3d6d,0.8823529411764706,0.11764705882352941,0.0
0c148d6c7cde351f,0.8973684210526316,0.10263157894736842,0.0
0c40571ff093f733,1.0,0.0,0.0
0cd8c1bc060716fe,0.9666666666666667,0.03333333333333333,0.0
0cf495bb246f4da9,0.6944444444444444,0.3055555555555556,0.0
0d3a8f039b3d7773,0.9666666666666667,0.03333333333333333,0.0
0ecbe41a18307025,0.9330357142857143,0.0,0.06696428571428571
12c2c10c54973dd4,0.8784722222222222,0.12152777777777778,0.0
12f77e67b04c3d67,1.0,0.0,0.0
131c2dd1844bdfe7,0.8466386554621849,0.15336134453781514,0.0
14bdbf8dd374813c,0.8973684210526316,0.10263157894736842,0.0
1546ae3424c8d381,0.8694444444444445,0.13055555555555554,0.0
16d73b0e69e7c8f8,0.8823529411764706,0.11764705882352941,0.0
17d7513503f1fdc9,0.8395833333333333,0.16041666666666665,0.0
187baf5ccb217050,0.9545454545454546,0.045454545454545456,0.0
18e02765742df2b6,0.9273809523809524,0.07261904761904761,0.0
195fbbe46d95ca46,0.975,0.025,0.0
19ada4f0cc34597c,0.9375,0.0625,0.0
19b1d7d0d27ea129,0.9442724458204335,0.05572755417956656,0.0
1a50c0d46366469c,0.8972222222222221,0.10277777777777777,0.0
1a7a5b41e8d02365,0.9321266968325792,0.0,0.06787330316742082
1df8afb375db6660,1.0,0.0,0.0
1e010e5ff1803d4d,0.9722222222222222,0.027777777777777776,0.0
1f39e9e369bf45dd,0.825,0.125,0.05
206a1264a38e8fb8,0.9184491978609626,0.08155080213903743,0.0
20a0eb5bfebfb66e,0.9666666666666667,0.03333333333333333,0.0
20cc49e6f2d73b19,0.9442724458204335,0.05572755417956656,0.0
2161942e52a23578,0.9150326797385621,0.08496732026143791,0.0
22e2a194062351da,0.9070175438596491,0.09298245614035087,0.0
238d407b63554ec7,0.9722222222222222,0.027777777777777776,0.0
23e183a8a3b764ee,1.0,0.0,0.0
24f4e3beea47029f,0.7934210526315789,0.18026315789473685,0.02631578947368421
252b57ebaed7b109,0.8773809523809524,0.12261904761904761,0.0
28b5456f71d78296,0.9583333333333333,0.041666666666666664,0.0
28f9eab79419bec8,0.8395833333333333,0.16041666666666665,0.0
298f4b165998bdff,1.0,0.0,0.0
2c3ae213716f612a,1.0,0.0,0.0
2cf1ee89fb0f8648,0.9099264705882353,0.029411764705882353,0.06066176470588235
2cfe066e7f0a42bf,0.875,0.07500000000000001,0.05
2e2bca8caef1f0cd,0.9424342105263157,0.05756578947368421,0.0
2ff74865b3f450d2,0.8465909090909092,0.1534090909090909,0.0
3019b1fe98a6ebda,0.9179566563467492,0.08204334365325078,0.0
328f4aaa16d167dc,0.0,0.0,1.0
33517136da0a38ec,0.9375,0.0625,0.0
335667d82e735b5f,0.0,0.0,1.0
33ed672f9d40ec98,0.9444444444444444,0.05555555555555555,0.0
34f8ee44074f85af,0.9,0.1,0.0
359ceaef7e9bdf9c,0.9705882352941176,0.029411764705882353,0.0
35ba37a804c12271,0.9023809523809524,0.09761904761904762,0.0
399db244224ad774,0.8117647058823529,0.18823529411764706,0.0
3ab90a4a5b3b459b,0.8786764705882353,0.1213235294117647,0.0
3ac22ffe1f4df9a2,1.0,0.0,0.0
3c3c590f82700da4,0.96875,0.03125,0.0
3e150e344fe66ce3,0.7811004784688995,0.16985645933014354,0.04904306220095694
3f5cee714124527e,0.9772727272727273,0.022727272727272728,0.0
42b4e850b95810a9,0.8444444444444444,0.09444444444444444,0.06111111111111111
4541e597a75d5be2,0.9705882352941176,0.029411764705882353,0.0
46dfb194bd69c579,0.9722222222222222,0.027777777777777776,0.0
475796b2015340ad,0.9007936507936507,0.0992063492063492,0.0
485823b171795194,0.9722222222222222,0.027777777777777776,0.0
4895af4c0bf521f3,0.9150326797385621,0.027777777777777776,0.05718954248366013
49f1bc3262db7cb2,1.0,0.0,0.0
4a61492dd69bf489,0.975,0.025,0.0
4b06165225acd9bb,0.9486842105263158,0.05131578947368421,0.0
4b3202b712286e4a,0.8944444444444444,0.05277777777777778,0.05277777777777778
4bfcb26058d4361f,0.9236842105263158,0.07631578947368421,0.0
4c1989454ed28c01,0.96875,0.03125,0.0
4d7499739ad68267,0.857843137254902,0.08496732026143791,0.05718954248366013
4f15f27d2c081d06,0.9705882352941176,0.029411764705882353,0.0
50efcf9bc52b713c,0.930952380952381,0.06904761904761905,0.0
55ecd445df6d85fe,0.9486842105263158,0.05131578947368421,0.0
56063fb764c75ae0,0.9195906432748537,0.0804093567251462,0.0
5742684ce989c5fc,0.96875,0.03125,0.0
5784abc2212311e6,0.9333333333333333,0.06666666666666667,0.0
5a5493eb792b3be6,0.975,0.025,0.0
5c3ed3c2976d643a,0.0,0.0,1.0
5ed2b42d02952cd7,0.96875,0.03125,0.0
5f6d782b10aeeffe,0.9133986928104575,0.08660130718954248,0.0
60ff6fbaa1c380a5,0.9347826086956521,0.06521739130434782,0.0
6211320a780be800,0.9473684210526316,0.05263157894736842,0.0
62ede2259219000f,0.9131944444444444,0.08680555555555555,0.0
635315c809b0f27a,0.9354166666666667,0.06458333333333333,0.0
63681a7355cbc27c,0.9705882352941176,0.029411764705882353,0.0
66af74e04cd420e3,0.9455882352941176,0.054411764705882354,0.0
6874bddcd286e933,0.7352941176470589,0.2647058823529412,0.0
68d5de4fa4137a37,1.0,0.0,0.0
68e36f1138ec058c,0.9666666666666667,0.03333333333333333,0.0
6ab6bdc80101c38e,0.9666666666666667,0.03333333333333333,0.0
6b61cff8ae1c1623,0.9472222222222222,0.05277777777777778,0.0
6c11c546ebbe389b,0.9424342105263157,0.05756578947368421,0.0
6d5136127f367973,1.0,0.0,0.0
6fb8227dc3aeab42,0.8636363636363636,0.13636363636363635,0.0
7137fa6c40025199,0.9736842105263157,0.02631578947368421,0.0
7163f2b084889926,0.8710526315789473,0.12894736842105264,0.0
7264fcf8b370e3a7,1.0,0.0,0.0
73151ea643d99032,0.9409722222222222,0.059027777777777776,0.0
73a1a166f868eeec,0.836231884057971,0.16376811594202897,0.0
74e502424e3640ef,0.9131944444444444,0.08680555555555555,0.0
7680a3e16d9bcc61,0.9428104575163399,0.05718954248366013,0.0
77b66a13657d4138,1.0,0.0,0.0
79bbc29022d940f6,0.8710526315789473,0.12894736842105264,0.0
7be539a818787310,0.9411764705882353,0.058823529411764705,0.0
7c81aadd82c606c1,0.84375,0.13125,0.025
7ce41d53535f173f,0.9320175438596491,0.020833333333333332,0.04714912280701754
7e3e708779cce5f0,1.0,0.0,0.0
80f360bb80e9024e,0.9117647058823529,0.08823529411764705,0.0
81d20cfba9a33e39,1.0,0.0,0.0
822e7bc22251b9a2,0.8784722222222222,0.12152777777777778,0.0
8294dbafc136dedf,0.8273026315789473,0.11513157894736842,0.05756578947368421
844ecbf955462354,0.9372549019607843,0.06274509803921569,0.0
845cc6bd73cc1785,1.0,0.0,0.0
8582e932a77dec79,1.0,0.0,0.0
860119a954365359,0.8622291021671826,0.08204334365325078,0.05572755417956656
86909dcc208525cf,0.9055023923444976,0.022727272727272728,0.07177033492822966
879a5817d65ae73f,0.9179566563467492,0.08204334365325078,0.0
88931135d35b172b,1.0,0.0,0.0
88affc35a4046761,0.9523809523809523,0.047619047619047616,0.0
896e45dc31afce47,1.0,0.0,0.0
8b63b3987b5c1b34,0.7821428571428571,0.16904761904761906,0.04880952380952381
8de760d3fc4e4ee2,0.9393382352941176,0.0,0.06066176470588235
8eac65fb3663bc94,0.9705882352941176,0.029411764705882353,0.0
8fb1aa6e509c08f9,0.9117647058823529,0.08823529411764705,0.0
90d80625018427ae,0.8586309523809523,0.03125,0.11011904761904762
962a612238eccf99,0.9705882352941176,0.029411764705882353,0.0
96cb95c46c571493,0.9246031746031746,0.07539682539682539,0.0
971a9d160a56ebdd,0.8901098901098901,0.07142857142857142,0.038461538461538464
98596ace45ba1644,0.8872549019607843,0.05555555555555555,0.05718954248366013
989b83536c021730,0.9222222222222223,0.07777777777777778,0.0
9a8a77a8e6221492,0.9545454545454546,0.045454545454545456,0.0
9a9ad1382b5ebaee,0.9722222222222222,0.027777777777777776,0.0
9b0e7c4a3bc187b0,0.8666666666666667,0.13333333333333333,0.0
9b706a401405cc89,0.8654970760233918,0.13450292397660818,0.0
9b735ed5e180d261,0.9372549019607843,0.06274509803921569,0.0
9edc6bad4bcf8e05,1.0,0.0,0.0
9efd1afa572715be,0.9736842105263157,0.02631578947368421,0.0
9f7ae44b4b31fd65,1.0,0.0,0.0
a0deca3df713b500,1.0,0.0,0.0
a39f725d34e2d0b5,0.8723684210526316,0.12763157894736843,0.0
a441bf6e4aac2320,0.96875,0.03125,0.0
a485f9521d6a9fcc,0.96875,0.03125,0.0
a4dd9cb08d2bb183,0.9736842105263157,0.02631578947368421,0.0
a4f1f1b06844e2c4,0.9736842105263157,0.02631578947368421,0.0
a533a03c3bd4f1d8,1.0,0.0,0.0
a6b9f2cf0185314d,0.949874686716792,0.05012531328320802,0.0
a7748adde1db7e07,0.8597826086956522,0.14021739130434782,0.0
a8426571676d8535,0.9097222222222222,0.09027777777777778,0.0
a87621f3192a8d39,0.8932748538011696,0.1067251461988304,0.0
a93952b43ce46e04,0.9666666666666667,0.03333333333333333,0.0
aacec48a3ba6aefe,0.9722222222222222,0.027777777777777776,0.0
abca566961b17630,0.914860681114551,0.08513931888544891,0.0
ac01e50aa00f838b,0.9195906432748537,0.0804093567251462,0.0
ae6a211d4f7a3e0a,1.0,0.0,0.0
af43910df5ffab34,0.7777777777777778,0.2222222222222222,0.0
b0f9b61b58cb15f8,0.975,0.025,0.0
b122d6cfce96ca30,0.9424342105263157,0.05756578947368421,0.0
b41710571d28bc74,0.9523809523809523,0.047619047619047616,0.0
b45c50cd638f3f88,0.9054621848739496,0.09453781512605042,0.0
b4ebe510f9dd9f51,1.0,0.0,0.0
b526db8602d047e0,0.9428104575163399,0.0,0.05718954248366013
b68377eaceb6dd0e,0.9444444444444444,0.05555555555555555,0.0
b6e897ee8cf608de,0.9411764705882353,0.058823529411764705,0.0
b997855405d06ece,0.0,0.0,1.0
ba35286c22ef0e7e,0.9736842105263157,0.02631578947368421,0.0
bd2be24455cc817c,0.8768382352941176,0.0625,0.06066176470588235
bfca85dcb6c28b06,0.9722222222222222,0.027777777777777776,0.0
bfd6970592669574,0.9722222222222222,0.027777777777777776,0.0
c0ec6cf07923d1a4,0.8885448916408669,0.11145510835913312,0.0
c209640e2c50ae2c,0.9666666666666667,0.03333333333333333,0.0
c33c14ca66f10317,0.9736842105263157,0.02631578947368421,0.0
c3dcffa1b8f4a99e,0.94375,0.05625,0.0
c42ffb52722449f8,1.0,0.0,0.0
c490a8dfed3d06e7,0.8079710144927537,0.19202898550724637,0.0
c54d421f70ba5ca5,0.8055555555555556,0.1388888888888889,0.05555555555555555
c69f8c83fd7f4cc6,0.9251336898395721,0.0748663101604278,0.0
c6f73bbad0ed2fa7,1.0,0.0,0.0
c72e46ecc063aee7,0.9409722222222222,0.059027777777777776,0.0
c99637b7b940af06,0.95,0.05,0.0
c9bdbb0778bf3f79,1.0,0.0,0.0
ca843b09d9b9dae5,0.8710526315789473,0.12894736842105264,0.0
cbd00532eb87dba7,0.9411764705882353,0.058823529411764705,0.0
cbe030967d3611a9,0.9210526315789473,0.07894736842105263,0.0
cee5fb5d412bb213,1.0,0.0,0.0
cf366409126fb0fb,1.0,0.0,0.0
d114cad7bfe72b23,0.8785714285714286,0.12142857142857143,0.0
d4ca3e13bac51d26,0.9315217391304347,0.06847826086956521,0.0
d6d0f0bbeeef090a,0.9642857142857143,0.03571428571428571,0.0
d74734acf9f88e1f,0.8694444444444445,0.13055555555555554,0.0
d75cab9b6b5bbfc1,0.9181286549707601,0.08187134502923976,0.0
d8f646f101f9d23f,0.8952991452991452,0.1047008547008547,0.0
da01fcab124f6d4c,0.9472222222222222,0.05277777777777778,0.0
da685f226197909a,0.975,0.025,0.0
db09fbd1984461ef,0.930952380952381,0.06904761904761905,0.0
dbdd1a4867ca9932,0.8654970760233918,0.13450292397660818,0.0
dbf9fa58106587a7,0.8562091503267973,0.1437908496732026,0.0
dd29f0af30c2b17c,0.9131944444444444,0.08680555555555555,0.0
ddd7278c88b2ae74,0.9372549019607843,0.06274509803921569,0.0
de8166a2cd6683a0,0.9166666666666666,0.08333333333333333,0.0
defd4cd3b12a58df,0.9022727272727273,0.09772727272727272,0.0
df328a5e5c041cc5,0.7651821862348178,0.23481781376518218,0.0
e1878e6390ccd241,0.9235588972431077,0.07644110275689223,0.0
e1fa67adc5ec7811,0.8976190476190476,0.10238095238095238,0.0
e24f529222c8b8d8,0.8303571428571428,0.16964285714285715,0.0
e3b29d009d743d78,0.9229691876750701,0.07703081232492998,0.0
e5807248bb187728,0.9722222222222222,0.027777777777777776,0.0
e5c70509118ce67e,0.9666666666666667,0.03333333333333333,0.0
e8c7779dd0d6b1a0,0.8833333333333333,0.11666666666666667,0.0
e923a74326b19c11,0.7784313725490195,0.1588235294117647,0.06274509803921569
ebeef2a7f5ab24d2,0.0,0.0,1.0
ec363af8842ac3ec,0.8888888888888888,0.1111111111111111,0.0
ee41baa46ab7f5be,0.8603896103896104,0.09307359307359307,0.046536796536796536
ee55122eab899c35,0.9179566563467492,0.02631578947368421,0.05572755417956656
ef39cccf154cf594,0.8935574229691876,0.10644257703081232,0.0
f1b9349ea5c11e45,0.8622291021671826,0.13777089783281732,0.0
f2725243a6af06bc,0.9205882352941177,0.025,0.054411764705882354
f36ac02295a3a66a,0.8263888888888888,0.11458333333333333,0.059027777777777776
f38343524138e4d3,0.925,0.07500000000000001,0.0
f3a42df4e0d2b630,0.9736842105263157,0.02631578947368421,0.0
f5282d9bf7c7a789,0.9117647058823529,0.08823529411764706,0.0
f55275897ac0066c,1.0,0.0,0.0
f5fbf51ce59afd29,0.0,0.0,1.0
f77e6444b60f2cba,0.9223684210526315,0.07763157894736841,0.0
f7b75d241b4a0253,0.9235588972431077,0.07644110275689223,0.0
f7b9290883c8c406,0.0,0.0,1.0
f8ececc0ad90e2d3,1.0,0.0,0.0
fa09d281263b793d,0.9705882352941176,0.029411764705882353,0.0
fbcc214774f05979,0.9058441558441559,0.09415584415584416,0.0
fbe8651cdffbb86d,1.0,0.0,0.0
fd0b7df51029544c,0.9722222222222222,0.027777777777777776,0.0
fdcfe3b16152f1a1,0.9782608695652174,0.021739130434782608,0.0
fe0daf76a6c0a82a,0.96875,0.03125,0.0
fe8b444021990a84,0.8076923076923077,0.11538461538461539,0.07692307692307693
fecca9fe280b3d0e,0.91875,0.08125,0.0
ff0835b4dbb08b2b,1.0,0.0,0.0
ffcb2076b2a0402d,0.9722222222222222,0.027777777777777776,0.0
