ID,coref_score
19ada4f0cc34597c,0.0
475796b2015340ad,0.0
ddd7278c88b2ae74,0.0
8b63b3987b5c1b34,0.0
b997855405d06ece,0.0
9b735ed5e180d261,0.0
05c996e40516008a,0.0
2ff74865b3f450d2,0.0
a93952b43ce46e04,0.0
f5fbf51ce59afd29,0.0
328f4aaa16d167dc,0.0
a87621f3192a8d39,0.0
96cb95c46c571493,0.0
d8f646f101f9d23f,0.0
c490a8dfed3d06e7,0.0
399db244224ad774,-3.0
17d7513503f1fdc9,-3.0
4b3202b712286e4a,4.0
2cfe066e7f0a42bf,4.0
1f39e9e369bf45dd,4.0
008a0295237bc03c,4.0
bd2be24455cc817c,4.0
4d7499739ad68267,1.0
86909dcc208525cf,1.0
3e150e344fe66ce3,1.0
f36ac02295a3a66a,1.0
c54d421f70ba5ca5,1.0
f2725243a6af06bc,1.0
0ecbe41a18307025,1.0
b526db8602d047e0,1.0
fe8b444021990a84,1.0
4895af4c0bf521f3,1.0
2cf1ee89fb0f8648,1.0
e923a74326b19c11,1.0
7ce41d53535f173f,1.0
8294dbafc136dedf,1.0
5c3ed3c2976d643a,-8.0
42b4e850b95810a9,-8.0
335667d82e735b5f,-8.0
ebeef2a7f5ab24d2,-8.0
e24f529222c8b8d8,-8.0
28b5456f71d78296,-8.0
f7b9290883c8c406,-8.0
8fb1aa6e509c08f9,1.0
b0f9b61b58cb15f8,1.0
bfca85dcb6c28b06,1.0
7e3e708779cce5f0,1.0
12f77e67b04c3d67,1.0
7264fcf8b370e3a7,1.0
7163f2b084889926,1.0
4b06165225acd9bb,1.0
ec363af8842ac3ec,1.0
3ab90a4a5b3b459b,1.0
ee41baa46ab7f5be,1.0
98596ace45ba1644,1.0
df328a5e5c041cc5,1.0
635315c809b0f27a,1.0
fdcfe3b16152f1a1,1.0
d74734acf9f88e1f,1.0
5ed2b42d02952cd7,1.0
dbdd1a4867ca9932,1.0
c69f8c83fd7f4cc6,1.0
af43910df5ffab34,1.0
844ecbf955462354,1.0
8de760d3fc4e4ee2,1.0
252b57ebaed7b109,1.0
abca566961b17630,1.0
db09fbd1984461ef,1.0
b41710571d28bc74,1.0
1546ae3424c8d381,1.0
0835eb078a2fa15e,1.0
9b0e7c4a3bc187b0,1.0
06d3243ea49f003d,1.0
6874bddcd286e933,1.0
defd4cd3b12a58df,1.0
90d80625018427ae,1.0
20cc49e6f2d73b19,1.0
56063fb764c75ae0,1.0
822e7bc22251b9a2,1.0
f7b75d241b4a0253,1.0
73a1a166f868eeec,1.0
6ab6bdc80101c38e,1.0
34f8ee44074f85af,1.0
68e36f1138ec058c,1.0
6d5136127f367973,1.0
62ede2259219000f,1.0
4c1989454ed28c01,1.0
a4dd9cb08d2bb183,1.0
238d407b63554ec7,1.0
a39f725d34e2d0b5,1.0
ca843b09d9b9dae5,1.0
131c2dd1844bdfe7,1.0
cf366409126fb0fb,1.0
f77e6444b60f2cba,1.0
fa09d281263b793d,1.0
d75cab9b6b5bbfc1,1.0
22e2a194062351da,1.0
80f360bb80e9024e,1.0
f8ececc0ad90e2d3,1.0
a6b9f2cf0185314d,1.0
4f15f27d2c081d06,1.0
485823b171795194,1.0
b68377eaceb6dd0e,3.5
b45c50cd638f3f88,3.5
a7748adde1db7e07,3.5
4a61492dd69bf489,3.5
206a1264a38e8fb8,3.5
a8426571676d8535,3.5
3ac22ffe1f4df9a2,3.5
aacec48a3ba6aefe,3.5
fbe8651cdffbb86d,3.5
b6e897ee8cf608de,3.5
f38343524138e4d3,3.5
195fbbe46d95ca46,3.5
cbe030967d3611a9,3.5
a0deca3df713b500,3.5
88931135d35b172b,3.5
e1fa67adc5ec7811,3.5
090efd7069fe4985,3.5
9a9ad1382b5ebaee,3.5
ac01e50aa00f838b,3.5
3019b1fe98a6ebda,3.5
0789d8cec7990c9a,3.5
7680a3e16d9bcc61,3.5
de8166a2cd6683a0,3.5
35ba37a804c12271,3.5
f3a42df4e0d2b630,3.5
8582e932a77dec79,3.5
5742684ce989c5fc,3.5
46dfb194bd69c579,3.5
6211320a780be800,3.5
c9bdbb0778bf3f79,3.5
14bdbf8dd374813c,3.5
74e502424e3640ef,3.5
298f4b165998bdff,3.5
e3b29d009d743d78,3.5
d6d0f0bbeeef090a,3.5
55ecd445df6d85fe,3.5
1df8afb375db6660,3.5
a4f1f1b06844e2c4,3.5
00810b15446476f2,3.5
0c40571ff093f733,3.5
004983f2ebf3d342,3.5
08ab51c4bcf6d716,3.5
fbcc214774f05979,3.5
fe0daf76a6c0a82a,3.5
7c81aadd82c606c1,3.5
60ff6fbaa1c380a5,3.5
88affc35a4046761,3.5
d4ca3e13bac51d26,3.5
9edc6bad4bcf8e05,3.5
f55275897ac0066c,3.5
68d5de4fa4137a37,3.5
1a7a5b41e8d02365,3.5
c33c14ca66f10317,3.5
bfd6970592669574,3.5
971a9d160a56ebdd,3.5
f5282d9bf7c7a789,3.5
7137fa6c40025199,3.5
3f5cee714124527e,3.5
5a5493eb792b3be6,3.5
c72e46ecc063aee7,3.5
20a0eb5bfebfb66e,3.5
08655487b5c3f2b9,3.5
e8c7779dd0d6b1a0,3.5
9f7ae44b4b31fd65,3.5
9a8a77a8e6221492,3.5
fd0b7df51029544c,3.5
8eac65fb3663bc94,3.5
a485f9521d6a9fcc,3.5
845cc6bd73cc1785,3.5
e1878e6390ccd241,3.5
c42ffb52722449f8,3.5
c99637b7b940af06,3.5
0a6290a3f09a3845,3.5
23e183a8a3b764ee,3.5
860119a954365359,3.5
5784abc2212311e6,3.5
0d3a8f039b3d7773,3.5
896e45dc31afce47,3.5
7be539a818787310,3.5
2e2bca8caef1f0cd,3.5
0c148d6c7cde351f,3.5
16d73b0e69e7c8f8,3.5
77b66a13657d4138,3.5
0756f8f887591188,3.5
dd29f0af30c2b17c,3.5
2c3ae213716f612a,3.5
50efcf9bc52b713c,3.5
2161942e52a23578,3.5
962a612238eccf99,3.5
9efd1afa572715be,3.5
0cd8c1bc060716fe,3.5
9b706a401405cc89,3.5
cbd00532eb87dba7,3.5
ffcb2076b2a0402d,3.5
ae6a211d4f7a3e0a,3.5
cee5fb5d412bb213,3.5
5f6d782b10aeeffe,3.5
6c11c546ebbe389b,3.5
e5807248bb187728,3.5
fecca9fe280b3d0e,3.5
66af74e04cd420e3,3.5
da01fcab124f6d4c,3.5
33517136da0a38ec,3.5
6b61cff8ae1c1623,3.5
49f1bc3262db7cb2,3.5
0bb21389412211c9,3.5
c0ec6cf07923d1a4,3.5
a441bf6e4aac2320,3.5
3c3c590f82700da4,3.5
a533a03c3bd4f1d8,3.5
79bbc29022d940f6,3.5
81d20cfba9a33e39,3.5
63681a7355cbc27c,3.5
dbf9fa58106587a7,3.5
19b1d7d0d27ea129,3.5
187baf5ccb217050,3.5
24f4e3beea47029f,3.5
33ed672f9d40ec98,3.5
ba35286c22ef0e7e,3.5
73151ea643d99032,3.5
03a66d2d2ccee309,3.5
d114cad7bfe72b23,3.5
1a50c0d46366469c,3.5
da685f226197909a,3.5
b122d6cfce96ca30,3.5
0bce4efa07bb3d6d,3.5
ff0835b4dbb08b2b,3.5
18e02765742df2b6,3.5
4541e597a75d5be2,3.5
0689d6220cba35ae,3.5
ef39cccf154cf594,3.5
0cf495bb246f4da9,3.5
28f9eab79419bec8,3.5
879a5817d65ae73f,3.5
c209640e2c50ae2c,3.5
c6f73bbad0ed2fa7,3.5
6fb8227dc3aeab42,3.5
359ceaef7e9bdf9c,3.5
1e010e5ff1803d4d,3.5
989b83536c021730,3.5
ee55122eab899c35,3.5
12c2c10c54973dd4,3.5
4bfcb26058d4361f,3.5
b4ebe510f9dd9f51,3.5
c3dcffa1b8f4a99e,3.5
e5c70509118ce67e,3.5
020e5bdefc35a891,3.5
f1b9349ea5c11e45,0.0
