condition,mean,std,n,se,ci,ci_low,ci_high,alpha,scope,p_adj,panel,folder,task,var,outcome
Original,7.0,0.0,25,0.0,0.0,7.0,7.0,0.0,Original,,0,immediate_recall,,n_entities,Entities
-0.6Alpha_2000Neurons,7.0,0.0,25,0.0,0.0,7.0,7.0,-0.6,2000,,0,immediate_recall,,n_entities,Entities
-0.6Alpha_10000Neurons,7.0,0.0,25,0.0,0.0,7.0,7.0,-0.6,10000,,0,immediate_recall,,n_entities,Entities
-0.6Alpha_AllSigNeurons,7.0,0.0,25,0.0,0.0,7.0,7.0,-0.6,AllSig,,0,immediate_recall,,n_entities,Entities
0.2Alpha_2000Neurons,7.0,0.0,25,0.0,0.0,7.0,7.0,0.2,2000,,0,immediate_recall,,n_entities,Entities
0.2Alpha_10000Neurons,7.0,0.0,25,0.0,0.0,7.0,7.0,0.2,10000,,0,immediate_recall,,n_entities,Entities
0.2Alpha_AllSigNeurons,6.96,0.13844373104863456,25,0.02768874620972691,0.05426994257106474,6.9057300574289355,7.014269942571064,0.2,AllSig,0.2829593539476913,0,immediate_recall,,n_entities,Entities
0.6Alpha_2000Neurons,6.98,0.09999999999999999,25,0.019999999999999997,0.03919999999999999,6.9408,7.0192000000000005,0.6,2000,0.3078198035081346,0,immediate_recall,,n_entities,Entities
0.6Alpha_10000Neurons,6.98,0.09999999999999999,25,0.019999999999999997,0.03919999999999999,6.9408,7.0192000000000005,0.6,10000,0.3078198035081346,0,immediate_recall,,n_entities,Entities
0.6Alpha_AllSigNeurons,6.66,0.4725815626252608,25,0.09451631252505216,0.18525197254910222,6.4747480274508975,6.845251972549103,0.6,AllSig,0.0013555420054447,0,immediate_recall,,n_entities,Entities
Original,11.38,0.5642103626603587,25,0.11284207253207175,0.22117046216286063,11.158829537837141,11.60117046216286,0.0,Original,,1,immediate_recall,,n_events,Events
-0.6Alpha_2000Neurons,11.46,0.6110100926607787,25,0.12220201853215573,0.23951595632302522,11.220484043676976,11.699515956323026,-0.6,2000,0.7470425895441971,1,immediate_recall,,n_events,Events
-0.6Alpha_10000Neurons,11.18,0.7621242243449117,25,0.15242484486898233,0.29875269594320536,10.881247304056794,11.478752695943205,-0.6,10000,0.6513287357402565,1,immediate_recall,,n_events,Events
-0.6Alpha_AllSigNeurons,11.86,0.36855573979159917,25,0.07371114795831983,0.14447384999830687,11.715526150001693,12.004473849998305,-0.6,AllSig,0.0019698464827337,1,immediate_recall,,n_events,Events
0.2Alpha_2000Neurons,11.48,0.5859465277082314,25,0.11718930554164628,0.2296910388616267,11.250308961138373,11.709691038861628,0.2,2000,0.7470425895441971,1,immediate_recall,,n_events,Events
0.2Alpha_10000Neurons,11.34,0.5537749241945386,25,0.11075498483890771,0.2170797702842591,11.12292022971574,11.55707977028426,0.2,10000,0.7812645734321613,1,immediate_recall,,n_events,Events
0.2Alpha_AllSigNeurons,10.88,0.7112196097783956,25,0.14224392195567911,0.2787980870331311,10.60120191296687,11.158798087033132,0.2,AllSig,0.0066103057571594,1,immediate_recall,,n_events,Events
0.6Alpha_2000Neurons,11.3,0.5400617248673217,25,0.10801234497346435,0.2117041961479901,11.088295803852011,11.51170419614799,0.6,2000,0.7470425895441971,1,immediate_recall,,n_events,Events
0.6Alpha_10000Neurons,11.38,0.6812977811989899,25,0.13625955623979796,0.267068730230004,11.112931269769996,11.647068730230005,0.6,10000,0.9916857319464848,1,immediate_recall,,n_events,Events
0.6Alpha_AllSigNeurons,9.82,1.1075498483890764,25,0.22150996967781528,0.4341595405685179,9.385840459431483,10.254159540568518,0.6,AllSig,1.6143968388671496e-08,1,immediate_recall,,n_events,Events
Original,6.96,0.13844373104863458,25,0.027688746209726917,0.05426994257106475,6.9057300574289355,7.014269942571064,0.0,Original,,2,delayed_recall,,n_entities,Entities
-0.6Alpha_2000Neurons,6.98,0.09999999999999996,25,0.019999999999999993,0.039199999999999985,6.9408,7.0192000000000005,-0.6,2000,0.6405725536046013,2,delayed_recall,,n_entities,Entities
-0.6Alpha_10000Neurons,6.92,0.23629078131263034,25,0.047258156262526066,0.09262598627455108,6.827374013725449,7.012625986274551,-0.6,10000,0.6405725536046013,2,delayed_recall,,n_entities,Entities
-0.6Alpha_AllSigNeurons,6.9,0.5,25,0.1,0.196,6.704000000000001,7.096,-0.6,AllSig,0.6405725536046013,2,delayed_recall,,n_entities,Entities
0.2Alpha_2000Neurons,6.98,0.09999999999999991,25,0.019999999999999983,0.039199999999999964,6.9408,7.0192000000000005,0.2,2000,0.6405725536046013,2,delayed_recall,,n_entities,Entities
0.2Alpha_10000Neurons,6.96,0.19999999999999996,25,0.039999999999999994,0.07839999999999998,6.8816,7.0384,0.2,10000,0.9647535768796288,2,delayed_recall,,n_entities,Entities
0.2Alpha_AllSigNeurons,6.98,0.09999999999999996,25,0.019999999999999993,0.039199999999999985,6.9408,7.0192000000000005,0.2,AllSig,0.6405725536046013,2,delayed_recall,,n_entities,Entities
0.6Alpha_2000Neurons,6.98,0.09999999999999999,25,0.019999999999999997,0.03919999999999999,6.9408,7.0192000000000005,0.6,2000,0.6405725536046013,2,delayed_recall,,n_entities,Entities
0.6Alpha_10000Neurons,6.92,0.18708286933869708,25,0.03741657386773942,0.07333648478076926,6.84666351521923,6.9933364847807695,0.6,10000,0.6405725536046013,2,delayed_recall,,n_entities,Entities
0.6Alpha_AllSigNeurons,6.58,0.7455423082115014,25,0.14910846164230027,0.29225258481890853,6.287747415181092,6.872252584818908,0.6,AllSig,0.1372315778541347,2,delayed_recall,,n_entities,Entities
Original,11.46,0.45460605656619496,25,0.09092121131323899,0.17820557417394842,11.281794425826053,11.638205574173949,0.0,Original,,3,delayed_recall,,n_events,Events
-0.6Alpha_2000Neurons,11.46,0.6910137480542626,25,0.13820274961085252,0.27087738923727095,11.18912261076273,11.730877389237271,-0.6,2000,0.9664530286206728,3,delayed_recall,,n_events,Events
-0.6Alpha_10000Neurons,11.3,0.6291528696058957,25,0.12583057392117913,0.2466279248855111,11.05337207511449,11.546627924885511,-0.6,10000,0.3854001209678094,3,delayed_recall,,n_events,Events
-0.6Alpha_AllSigNeurons,11.66,0.4941322360124533,25,0.09882644720249066,0.1936998365168817,11.466300163483119,11.853699836516881,-0.6,AllSig,0.1840895333316162,3,delayed_recall,,n_events,Events
0.2Alpha_2000Neurons,11.6,0.47871355387816916,25,0.09574271077563383,0.1876557131202423,11.412344286879758,11.787655713120241,0.2,2000,0.3868079761810791,3,delayed_recall,,n_events,Events
0.2Alpha_10000Neurons,11.42,0.5139714648369762,25,0.10279429296739524,0.20147681421609467,11.218523185783905,11.621476814216095,0.2,10000,0.9664530286206728,3,delayed_recall,,n_events,Events
0.2Alpha_AllSigNeurons,11.1,0.45643546458763845,25,0.09128709291752769,0.1789227021183543,10.921077297881645,11.278922702118354,0.2,AllSig,0.0022956197052457,3,delayed_recall,,n_events,Events
0.6Alpha_2000Neurons,11.28,0.45825756949558405,25,0.09165151389911681,0.17963696724226896,11.10036303275773,11.459636967242268,0.6,2000,0.3854001209678094,3,delayed_recall,,n_events,Events
0.6Alpha_10000Neurons,11.44,0.48562674281111573,25,0.09712534856222314,0.19036568318195735,11.249634316818042,11.630365683181957,0.6,10000,0.9664530286206728,3,delayed_recall,,n_events,Events
0.6Alpha_AllSigNeurons,9.94,1.2103718436910207,25,0.24207436873820415,0.4744657627268801,9.46553423727312,10.414465762726879,0.6,AllSig,9.2973680709712e-08,3,delayed_recall,,n_events,Events
Original,0.0,0.0,25,0.0,0.0,0.0,0.0,0.0,Original,,4,working_memory,,total_error,Total errors
-0.6Alpha_2000Neurons,0.0,0.0,25,0.0,0.0,0.0,0.0,-0.6,2000,,4,working_memory,,total_error,Total errors
-0.6Alpha_10000Neurons,0.0,0.0,25,0.0,0.0,0.0,0.0,-0.6,10000,,4,working_memory,,total_error,Total errors
-0.6Alpha_AllSigNeurons,0.0,0.0,25,0.0,0.0,0.0,0.0,-0.6,AllSig,,4,working_memory,,total_error,Total errors
0.2Alpha_2000Neurons,0.08,0.2768874620972691,25,0.05537749241945382,0.10853988514212948,-0.028539885142129476,0.1885398851421295,0.2,2000,0.1403686607716882,4,working_memory,,total_error,Total errors
0.2Alpha_10000Neurons,0.68,0.47609522856952324,25,0.09521904571390465,0.1866293295992531,0.49337067040074695,0.8666293295992531,0.2,10000,5.216393022122687e-13,4,working_memory,,total_error,Total errors
0.2Alpha_AllSigNeurons,1.0,0.0,25,0.0,0.0,1.0,1.0,0.2,AllSig,,4,working_memory,,total_error,Total errors
0.6Alpha_2000Neurons,0.32,0.4760952285695233,25,0.09521904571390466,0.18662932959925313,0.13337067040074688,0.5066293295992531,0.6,2000,0.000754555247667,4,working_memory,,total_error,Total errors
0.6Alpha_10000Neurons,1.56,0.506622805119022,25,0.10132456102380441,0.19859613960665665,1.3614038603933434,1.7585961396066567,0.6,10000,3.0537009181734733e-55,4,working_memory,,total_error,Total errors
0.6Alpha_AllSigNeurons,3.28,1.0614455552060438,25,0.21228911104120876,0.4160866576407692,2.8639133423592305,3.696086657640769,0.6,AllSig,2.5331529698551908e-55,4,working_memory,,total_error,Total errors
Original,14.8,1.224744871391589,25,0.2449489742783178,0.4800999895855029,14.319900010414498,15.280099989585503,0.0,Original,,5,verbal_fluency,animal,total_num,Correct unique words (animals)
-0.6Alpha_2000Neurons,14.92,0.39999999999999963,25,0.07999999999999993,0.15679999999999986,14.7632,15.0768,-0.6,2000,0.7015547941896598,5,verbal_fluency,animal,total_num,Correct unique words (animals)
-0.6Alpha_10000Neurons,14.96,0.19999999999999998,25,0.039999999999999994,0.07839999999999998,14.8816,15.038400000000001,-0.6,10000,0.7015547941896598,5,verbal_fluency,animal,total_num,Correct unique words (animals)
-0.6Alpha_AllSigNeurons,14.92,0.3999999999999999,25,0.07999999999999999,0.15679999999999997,14.7632,15.0768,-0.6,AllSig,0.7015547941896598,5,verbal_fluency,animal,total_num,Correct unique words (animals)
0.2Alpha_2000Neurons,14.88,0.3316624790355401,25,0.06633249580710801,0.1300116917819317,14.74998830821807,15.010011691781932,0.2,2000,0.7015547941896598,5,verbal_fluency,animal,total_num,Correct unique words (animals)
0.2Alpha_10000Neurons,14.48,1.9604421270043486,25,0.39208842540086974,0.7684933137857047,13.711506686214296,15.248493313785705,0.2,10000,0.7015547941896598,5,verbal_fluency,animal,total_num,Correct unique words (animals)
0.2Alpha_AllSigNeurons,13.0,4.915960401250875,25,0.983192080250175,1.927056477290343,11.072943522709657,14.927056477290343,0.2,AllSig,0.2712423481934783,5,verbal_fluency,animal,total_num,Correct unique words (animals)
0.6Alpha_2000Neurons,14.92,0.27688746209726917,25,0.05537749241945383,0.1085398851421295,14.811460114857871,15.028539885142129,0.6,2000,0.7015547941896598,5,verbal_fluency,animal,total_num,Correct unique words (animals)
0.6Alpha_10000Neurons,14.08,2.5645012510557814,25,0.5129002502111563,1.0052844904138662,13.074715509586134,15.085284490413866,0.6,10000,0.2712423481934783,5,verbal_fluency,animal,total_num,Correct unique words (animals)
0.6Alpha_AllSigNeurons,0.0,0.0,25,0.0,0.0,0.0,0.0,0.6,AllSig,0.0,5,verbal_fluency,animal,total_num,Correct unique words (animals)
Original,11.28,3.2853208874223125,25,0.6570641774844626,1.2878457878695466,9.992154212130453,12.567845787869546,0.0,Original,,6,verbal_fluency,letter,total_num,Correct unique words (letter C)
-0.6Alpha_2000Neurons,12.72,1.5416441439796236,25,0.3083288287959247,0.6043245044400124,12.115675495559989,13.324324504440012,-0.6,2000,0.1513646329006566,6,verbal_fluency,letter,total_num,Correct unique words (letter C)
-0.6Alpha_10000Neurons,13.52,1.6613247725836144,25,0.3322649545167229,0.6512393108527769,12.868760689147223,14.171239310852776,-0.6,10000,0.0216055601085446,6,verbal_fluency,letter,total_num,Correct unique words (letter C)
-0.6Alpha_AllSigNeurons,12.56,2.534429587369382,25,0.5068859174738763,0.9934963982487977,11.566503601751203,13.553496398248798,-0.6,AllSig,0.0756247302255132,6,verbal_fluency,letter,total_num,Correct unique words (letter C)
0.2Alpha_2000Neurons,10.44,4.223742416388574,25,0.8447484832777148,1.655707027224321,8.784292972775678,12.095707027224321,0.2,2000,0.3769729124339337,6,verbal_fluency,letter,total_num,Correct unique words (letter C)
0.2Alpha_10000Neurons,10.4,4.262237284181473,25,0.8524474568362945,1.6707970153991372,8.729202984600864,12.070797015399137,0.2,10000,0.282926816291317,6,verbal_fluency,letter,total_num,Correct unique words (letter C)
0.2Alpha_AllSigNeurons,7.0,5.123475382979799,25,1.0246950765959597,2.008402350128081,4.991597649871919,9.008402350128081,0.2,AllSig,0.0108446063246116,6,verbal_fluency,letter,total_num,Correct unique words (letter C)
0.6Alpha_2000Neurons,6.36,4.1521078984053394,25,0.8304215796810679,1.627626296174893,4.7323737038251075,7.987626296174893,0.6,2000,4.358796056354056e-05,6,verbal_fluency,letter,total_num,Correct unique words (letter C)
0.6Alpha_10000Neurons,9.24,5.9180514811323945,25,1.183610296226479,2.3198761806038988,6.920123819396101,11.559876180603899,0.6,10000,0.2250172193449064,6,verbal_fluency,letter,total_num,Correct unique words (letter C)
0.6Alpha_AllSigNeurons,0.0,0.0,25,0.0,0.0,0.0,0.0,0.6,AllSig,0.0,6,verbal_fluency,letter,total_num,Correct unique words (letter C)
Original,3.3,0.692218655243173,25,0.1384437310486346,0.27134971285532383,3.028650287144676,3.5713497128553238,0.0,Original,,7,coreference,,coref_score,Total score
-0.6Alpha_2000Neurons,3.4,0.5,25,0.1,0.196,3.2039999999999997,3.596,-0.6,2000,0.7213884808959174,7,coreference,,coref_score,Total score
-0.6Alpha_10000Neurons,3.4,0.5,25,0.1,0.196,3.2039999999999997,3.596,-0.6,10000,0.7213884808959174,7,coreference,,coref_score,Total score
-0.6Alpha_AllSigNeurons,3.5,0.0,25,0.0,0.0,3.5,3.5,-0.6,AllSig,0.2526635893891024,7,coreference,,coref_score,Total score
0.2Alpha_2000Neurons,3.3,0.6922186552431729,25,0.13844373104863458,0.2713497128553238,3.028650287144676,3.5713497128553238,0.2,2000,0.9999999999999996,7,coreference,,coref_score,Total score
0.2Alpha_10000Neurons,3.38,0.7399324293474372,25,0.14798648586948743,0.29005351230419535,3.0899464876958045,3.6700535123041953,0.2,10000,0.7955404781804275,7,coreference,,coref_score,Total score
0.2Alpha_AllSigNeurons,1.92,1.255653880122491,25,0.2511307760244982,0.49221632100801643,1.4277836789919836,2.4122163210080165,0.2,AllSig,4.308367011228284e-05,7,coreference,,coref_score,Total score
0.6Alpha_2000Neurons,1.1,0.5,25,0.1,0.196,0.9040000000000001,1.296,0.6,2000,4.0819430102984297e-41,7,coreference,,coref_score,Total score
0.6Alpha_10000Neurons,1.0,0.0,25,0.0,0.0,1.0,1.0,0.6,10000,1.5686794199665337e-63,7,coreference,,coref_score,Total score
0.6Alpha_AllSigNeurons,-2.48,3.6069377593742864,25,0.7213875518748573,1.4139196016747202,-3.89391960167472,-1.0660803983252798,0.6,AllSig,5.785628556055209e-16,7,coreference,,coref_score,Total score
Original,6.0,0.0,25,0.0,0.0,6.0,6.0,0.0,Original,,8,procedure,,step_score,Procedural steps
-0.6Alpha_2000Neurons,6.0,0.0,25,0.0,0.0,6.0,6.0,-0.6,2000,0.9999999997689264,8,procedure,,step_score,Procedural steps
-0.6Alpha_10000Neurons,6.0,0.0,25,0.0,0.0,6.0,6.0,-0.6,10000,0.9999999997689264,8,procedure,,step_score,Procedural steps
-0.6Alpha_AllSigNeurons,6.0,0.0,25,0.0,0.0,6.0,6.0,-0.6,AllSig,0.9999999997689264,8,procedure,,step_score,Procedural steps
0.2Alpha_2000Neurons,6.0,0.0,25,0.0,0.0,6.0,6.0,0.2,2000,0.9999999997689264,8,procedure,,step_score,Procedural steps
0.2Alpha_10000Neurons,6.0,0.0,25,0.0,0.0,6.0,6.0,0.2,10000,0.9999999997689264,8,procedure,,step_score,Procedural steps
0.2Alpha_AllSigNeurons,6.0,0.0,25,0.0,0.0,6.0,6.0,0.2,AllSig,0.9999999997689264,8,procedure,,step_score,Procedural steps
0.6Alpha_2000Neurons,6.0,0.0,25,0.0,0.0,6.0,6.0,0.6,2000,0.9999999997689264,8,procedure,,step_score,Procedural steps
0.6Alpha_10000Neurons,6.0,0.0,25,0.0,0.0,6.0,6.0,0.6,10000,0.9999999997689264,8,procedure,,step_score,Procedural steps
0.6Alpha_AllSigNeurons,2.64,3.0397368307141326,25,0.6079473661428265,1.19157683763994,1.44842316236006,3.83157683763994,0.6,AllSig,1.5237042535055505e-07,8,procedure,,step_score,Procedural steps
Original,0.9293718219345155,0.06533580358957183,25,0.013067160717914366,0.02561163500711216,0.9037601869274033,0.9549834569416277,0.0,Original,,9,scene_construction,,EP,Episodic details
-0.6Alpha_2000Neurons,0.9523895029754499,0.038889688933135325,25,0.007777937786627065,0.015244758061789047,0.9371447449136608,0.9676342610372389,-0.6,2000,0.1547547221976423,9,scene_construction,,EP,Episodic details
-0.6Alpha_10000Neurons,0.9451329333758328,0.04110213048228888,25,0.008220426096457777,0.016112035149057242,0.9290208982267756,0.96124496852489,-0.6,10000,0.4491848571985791,9,scene_construction,,EP,Episodic details
-0.6Alpha_AllSigNeurons,0.9560964314323447,0.05228360660796742,25,0.010456721321593485,0.02049517379032323,0.9356012576420214,0.976591605222668,-0.6,AllSig,0.1547547221976423,9,scene_construction,,EP,Episodic details
0.2Alpha_2000Neurons,0.9562361541107671,0.04214252591936043,25,0.008428505183872085,0.016519870160389288,0.9397162839503779,0.9727560242711564,0.2,2000,0.1547547221976423,9,scene_construction,,EP,Episodic details
0.2Alpha_10000Neurons,0.9293806820974004,0.055063882532283004,25,0.0110127765064566,0.021585041952654937,0.9077956401447455,0.9509657240500554,0.2,10000,0.9996025372503968,9,scene_construction,,EP,Episodic details
0.2Alpha_AllSigNeurons,0.9022680732878942,0.06148208091288072,25,0.012296416182576143,0.02410097571784924,0.878167097570045,0.9263690490057434,0.2,AllSig,0.2578662273876786,9,scene_construction,,EP,Episodic details
0.6Alpha_2000Neurons,0.9323244903605987,0.047566857184644755,25,0.009513371436928951,0.018646208016380745,0.913678282344218,0.9509706983769795,0.6,2000,0.9664622540625872,9,scene_construction,,EP,Episodic details
0.6Alpha_10000Neurons,0.8690944475201441,0.058845144148843044,25,0.011769028829768609,0.023067296506346473,0.8460271510137977,0.8921617440264905,0.6,10000,0.0018713136988168,9,scene_construction,,EP,Episodic details
0.6Alpha_AllSigNeurons,0.5990425655131874,0.42201546007930824,25,0.08440309201586164,0.16543006035108881,0.43361250516209854,0.7644726258642762,0.6,AllSig,0.0011291981691084,9,scene_construction,,EP,Episodic details
Original,0.06839907589830187,0.06587850967949883,25,0.013175701935899767,0.025824375794363544,0.04257470010393832,0.09422345169266541,0.0,Original,,10,scene_construction,,NONEP,Non-episodic details
-0.6Alpha_2000Neurons,0.046610497024550036,0.036208778044149854,25,0.007241755608829971,0.014193840993306742,0.032416656031243295,0.06080433801785678,-0.6,2000,0.3169530005120268,10,scene_construction,,NONEP,Non-episodic details
-0.6Alpha_10000Neurons,0.054867066624167155,0.04110213048228885,25,0.00822042609645777,0.01611203514905723,0.038755031475109926,0.07097910177322439,-0.6,10000,0.6237760700839661,10,scene_construction,,NONEP,Non-episodic details
-0.6Alpha_AllSigNeurons,0.03965017490249686,0.05119810618229911,25,0.010239621236459821,0.02006965762346125,0.01958051727903561,0.05971983252595811,-0.6,AllSig,0.3169530005120268,10,scene_construction,,NONEP,Non-episodic details
0.2Alpha_2000Neurons,0.04376384588923286,0.04214252591936043,25,0.008428505183872085,0.016519870160389288,0.02724397572884357,0.06028371604962214,0.2,2000,0.3169530005120268,10,scene_construction,,NONEP,Non-episodic details
0.2Alpha_10000Neurons,0.059769300702737206,0.044034397841779975,25,0.008806879568355994,0.01726148395397775,0.04250781674875946,0.07703078465671495,0.2,10000,0.7515194305522491,10,scene_construction,,NONEP,Non-episodic details
0.2Alpha_AllSigNeurons,0.08767730039586948,0.061829989686845784,25,0.012365997937369156,0.024237355957243547,0.06343994443862593,0.11191465635311303,0.2,AllSig,0.5737256891376559,10,scene_construction,,NONEP,Non-episodic details
0.6Alpha_2000Neurons,0.06767550963940111,0.047566857184644734,25,0.009513371436928948,0.018646208016380738,0.04902930162302037,0.08632171765578185,0.6,2000,0.9646951690845714,10,scene_construction,,NONEP,Non-episodic details
0.6Alpha_10000Neurons,0.09316534016379215,0.06585529964661142,25,0.013171059929322285,0.025815277461471678,0.06735006270232047,0.11898061762526382,0.6,10000,0.3659974883167997,10,scene_construction,,NONEP,Non-episodic details
0.6Alpha_AllSigNeurons,0.07656060908998717,0.06855660231007395,25,0.01371132046201479,0.026874188105548986,0.049686420984438186,0.10343479719553617,0.6,AllSig,0.7515194305522491,10,scene_construction,,NONEP,Non-episodic details
Original,0.00222910216718266,0.0111455108359133,25,0.00222910216718266,0.004369040247678013,-0.002139938080495353,0.006598142414860673,0.0,Original,,11,scene_construction,,OTHER,Other statements
-0.6Alpha_2000Neurons,0.001,0.005,25,0.001,0.00196,-0.0009599999999999999,0.00296,-0.6,2000,0.6131019656798449,11,scene_construction,,OTHER,Other statements
-0.6Alpha_10000Neurons,0.0,0.0,25,0.0,0.0,0.0,0.0,-0.6,10000,0.3952724990496785,11,scene_construction,,OTHER,Other statements
-0.6Alpha_AllSigNeurons,0.004253393665158368,0.015321269641028966,25,0.0030642539282057933,0.006005937699283355,-0.0017525440341249867,0.010259331364441723,-0.6,AllSig,0.6131019656798449,11,scene_construction,,OTHER,Other statements
0.2Alpha_2000Neurons,0.0,0.0,25,0.0,0.0,0.0,0.0,0.2,2000,0.3952724990496785,11,scene_construction,,OTHER,Other statements
0.2Alpha_10000Neurons,0.010850017199862392,0.022253211022059117,25,0.004450642204411824,0.008723258720647175,0.0021267584792152173,0.019573275920509565,0.2,10000,0.2495920966293823,11,scene_construction,,OTHER,Other statements
0.2Alpha_AllSigNeurons,0.010054626316236215,0.021370881291789042,25,0.004274176258357808,0.008377385466381304,0.0016772408498549104,0.018432011782617518,0.2,AllSig,0.2495920966293823,11,scene_construction,,OTHER,Other statements
0.6Alpha_2000Neurons,0.0,0.0,25,0.0,0.0,0.0,0.0,0.6,2000,0.3952724990496785,11,scene_construction,,OTHER,Other statements
0.6Alpha_10000Neurons,0.037740212316063684,0.03352400814529112,25,0.006704801629058224,0.013141411192954118,0.024598801123109568,0.0508816235090178,0.6,10000,1.4043563544128611e-05,11,scene_construction,,OTHER,Other statements
0.6Alpha_AllSigNeurons,0.32439682539682535,0.4732548832873292,25,0.09465097665746583,0.18551591424863303,0.13888091114819232,0.5099127396454584,0.6,AllSig,0.002418595732024,11,scene_construction,,OTHER,Other statements
