condition,mean,std,n,se,ci,ci_low,ci_high,alpha,scope,p_adj,task_index,folder,task_label,var,outcome
Original,0.4167463962263555,0.024180118744227826,25,0.0048360237488455655,0.009478606547737307,0.4072677896786182,0.4262250027740928,0.0,Original,,0,immediate_recall,"Immediate
recall",DEPID_R,"Propositional
idea density"
-0.6Alpha_2000Neurons,0.4099310308615069,0.027195982931573322,25,0.005439196586314665,0.010660825309176742,0.39927020555233017,0.4205918561706836,-0.6,2000,0.5744418915719626,0,immediate_recall,"Immediate
recall",DEPID_R,"Propositional
idea density"
-0.6Alpha_10000Neurons,0.40572411971011685,0.014970366877292102,25,0.0029940733754584203,0.005868383815898504,0.39985573589421836,0.41159250352601534,-0.6,10000,0.5744418915719626,0,immediate_recall,"Immediate
recall",DEPID_R,"Propositional
idea density"
-0.6Alpha_AllSigNeurons,0.41577311848296383,0.015511990615456812,25,0.0031023981230913623,0.00608070032125907,0.40969241816170476,0.4218538188042229,-0.6,AllSig,0.7313182955996801,0,immediate_recall,"Immediate
recall",DEPID_R,"Propositional
idea density"
0.2Alpha_2000Neurons,0.41404172858983335,0.02704888277410488,25,0.005409776554820976,0.010603162047449113,0.40343856654238425,0.42464489063728245,0.2,2000,0.8570426628952108,0,immediate_recall,"Immediate
recall",DEPID_R,"Propositional
idea density"
0.2Alpha_10000Neurons,0.4225724890263225,0.030310477096334134,25,0.006062095419266827,0.01188170702176298,0.4106907820045595,0.4344541960480855,0.2,10000,0.8015767716509238,0,immediate_recall,"Immediate
recall",DEPID_R,"Propositional
idea density"
0.2Alpha_AllSigNeurons,0.42430212912889054,0.03951951365453127,25,0.007903902730906253,0.015491649352576256,0.4088104797763143,0.4397937784814668,0.2,AllSig,0.7313182955996801,0,immediate_recall,"Immediate
recall",DEPID_R,"Propositional
idea density"
0.6Alpha_2000Neurons,0.43006411979077674,0.026660036223749437,25,0.005332007244749888,0.01045073419970978,0.419613385591067,0.4405148539904865,0.6,2000,0.5744418915719626,0,immediate_recall,"Immediate
recall",DEPID_R,"Propositional
idea density"
0.6Alpha_10000Neurons,0.4159395958344138,0.019999577500735114,25,0.0039999155001470225,0.007839834380288164,0.40809976145412563,0.423779430214702,0.6,10000,0.1444162264525545,0,immediate_recall,"Immediate
recall",DEPID_R,"Propositional
idea density"
0.6Alpha_AllSigNeurons,0.3561372412053606,0.03545657094259497,25,0.007091314188518993,0.013898975809497227,0.3422382653958634,0.37003621701485784,0.6,AllSig,7.009815924851818e-11,0,immediate_recall,"Immediate
recall",DEPID_R,"Propositional
idea density"
Original,0.4146651201694833,0.02214221257189075,25,0.004428442514378151,0.008679747328181175,0.40598537284130215,0.4233448674976645,0.0,Original,,1,delayed_recall,"Delayed
recall",DEPID_R,"Propositional
idea density"
-0.6Alpha_2000Neurons,0.41057045745560056,0.025723089365269434,25,0.005144617873053887,0.010083451031185619,0.4004870064244149,0.4206539084867862,-0.6,2000,0.6631117977573197,1,delayed_recall,"Delayed
recall",DEPID_R,"Propositional
idea density"
-0.6Alpha_10000Neurons,0.4058398344864127,0.015215373165973418,25,0.0030430746331946835,0.0059644262810615795,0.3998754082053511,0.4118042607674743,-0.6,10000,0.6631117977573197,1,delayed_recall,"Delayed
recall",DEPID_R,"Propositional
idea density"
-0.6Alpha_AllSigNeurons,0.4153796501000089,0.015789769875993606,25,0.003157953975198721,0.0061895897913894935,0.4091900603086194,0.4215692398913984,-0.6,AllSig,0.6631117977573197,1,delayed_recall,"Delayed
recall",DEPID_R,"Propositional
idea density"
0.2Alpha_2000Neurons,0.4131495134013713,0.02670550843813978,25,0.005341101687627956,0.010468559307750794,0.4026809540936205,0.4236180727091221,0.2,2000,0.8026781905372784,1,delayed_recall,"Delayed
recall",DEPID_R,"Propositional
idea density"
0.2Alpha_10000Neurons,0.4163004185328784,0.028748988185974263,25,0.0057497976371948525,0.01126960336890191,0.4050308151639765,0.42757002190178034,0.2,10000,0.8026781905372784,1,delayed_recall,"Delayed
recall",DEPID_R,"Propositional
idea density"
0.2Alpha_AllSigNeurons,0.42200162064965996,0.02850174885983032,25,0.0057003497719660635,0.011172685553053485,0.41082893509660645,0.43317430620271347,0.2,AllSig,0.7184773689142444,1,delayed_recall,"Delayed
recall",DEPID_R,"Propositional
idea density"
0.6Alpha_2000Neurons,0.4283005504871193,0.025349805437271722,25,0.0050699610874543445,0.009937123731410515,0.41836342675570876,0.4382376742185298,0.6,2000,0.6631117977573197,1,delayed_recall,"Delayed
recall",DEPID_R,"Propositional
idea density"
0.6Alpha_10000Neurons,0.4116875074938308,0.02003238239990145,25,0.00400647647998029,0.00785269390076137,0.40383481359306944,0.4195402013945922,0.6,10000,0.023064842247415,1,delayed_recall,"Delayed
recall",DEPID_R,"Propositional
idea density"
0.6Alpha_AllSigNeurons,0.3860115429982077,0.027157843998838405,25,0.005431568799767681,0.010645874847544656,0.3753656681506631,0.39665741784575237,0.6,AllSig,4.5626667396521855e-10,1,delayed_recall,"Delayed
recall",DEPID_R,"Propositional
idea density"
Original,0.41969166245566164,0.024649902951234058,25,0.004929980590246812,0.009662761956883752,0.4100289004987779,0.4293544244125454,0.0,Original,,2,scene_construction,"Scene
construction",DEPID_R,"Propositional
idea density"
-0.6Alpha_2000Neurons,0.41435331157838723,0.021746488381054172,25,0.004349297676210834,0.008524623445373235,0.405828688133014,0.4228779350237605,-0.6,2000,0.6687714965082746,2,scene_construction,"Scene
construction",DEPID_R,"Propositional
idea density"
-0.6Alpha_10000Neurons,0.42739853759298213,0.018448197542566998,25,0.0036896395085133996,0.007231693436686263,0.42016684415629585,0.4346302310296684,-0.6,10000,0.6687714965082746,2,scene_construction,"Scene
construction",DEPID_R,"Propositional
idea density"
-0.6Alpha_AllSigNeurons,0.4200280845710372,0.020492572506553425,25,0.004098514501310685,0.008033088422568942,0.41199499614846824,0.42806117299360613,-0.6,AllSig,0.9578852794504802,2,scene_construction,"Scene
construction",DEPID_R,"Propositional
idea density"
0.2Alpha_2000Neurons,0.415944250161028,0.028003741770759833,25,0.0056007483541519664,0.010977466774137854,0.40496678338689013,0.42692171693516584,0.2,2000,0.8278079319952207,2,scene_construction,"Scene
construction",DEPID_R,"Propositional
idea density"
0.2Alpha_10000Neurons,0.40848253741510765,0.02973553213957069,25,0.005947106427914138,0.01165632859871171,0.39682620881639596,0.42013886601381933,0.2,10000,0.6687714965082746,2,scene_construction,"Scene
construction",DEPID_R,"Propositional
idea density"
0.2Alpha_AllSigNeurons,0.42949083776887936,0.022036247144405267,25,0.004407249428881053,0.008638208880606865,0.4208526288882725,0.4381290466494862,0.2,AllSig,0.6687714965082746,2,scene_construction,"Scene
construction",DEPID_R,"Propositional
idea density"
0.6Alpha_2000Neurons,0.4190944487216259,0.018841866926352785,25,0.003768373385270557,0.007386011835130292,0.4117084368864956,0.42648046055675615,0.6,2000,0.9578852794504802,2,scene_construction,"Scene
construction",DEPID_R,"Propositional
idea density"
0.6Alpha_10000Neurons,0.41756926501136477,0.024391862409503643,25,0.004878372481900728,0.009561610064525427,0.4080076549468393,0.4271308750758902,0.6,10000,0.9578852794504802,2,scene_construction,"Scene
construction",DEPID_R,"Propositional
idea density"
0.6Alpha_AllSigNeurons,0.40724218832802755,0.07328102670010363,25,0.014656205340020725,0.028726162466440622,0.37851602586158695,0.43596835079446816,0.6,AllSig,0.7740011253675988,2,scene_construction,"Scene
construction",DEPID_R,"Propositional
idea density"
Original,10.0877374458832,0.1664529020327687,25,0.033290580406553735,0.06524953759684532,10.022487908286354,10.152986983480044,0.0,Original,,0,immediate_recall,"Immediate
recall",LexicalH,"Lexical
surprisal"
-0.6Alpha_2000Neurons,10.036984833793372,0.09288515557863267,25,0.018577031115726533,0.03641098098682401,10.000573852806548,10.073395814780197,-0.6,2000,0.3072929643389179,0,immediate_recall,"Immediate
recall",LexicalH,"Lexical
surprisal"
-0.6Alpha_10000Neurons,10.12824243242735,0.17441989009747058,25,0.03488397801949412,0.06837259691820848,10.05986983550914,10.196615029345558,-0.6,10000,0.3072929643389179,0,immediate_recall,"Immediate
recall",LexicalH,"Lexical
surprisal"
-0.6Alpha_AllSigNeurons,10.25407898799868,0.15793383287476714,25,0.03158676657495343,0.06191006248690872,10.192168925511771,10.31598905048559,-0.6,AllSig,3.20847299359343e-05,0,immediate_recall,"Immediate
recall",LexicalH,"Lexical
surprisal"
0.2Alpha_2000Neurons,10.097299429910544,0.1494843986109845,25,0.0298968797221969,0.058597884255505925,10.038701545655039,10.15589731416605,0.2,2000,0.8338216012049923,0,immediate_recall,"Immediate
recall",LexicalH,"Lexical
surprisal"
0.2Alpha_10000Neurons,10.091409317257709,0.13228535374198302,25,0.026457070748396604,0.051855858666857345,10.039553458590852,10.143265175924565,0.2,10000,0.92145494758488,0,immediate_recall,"Immediate
recall",LexicalH,"Lexical
surprisal"
0.2Alpha_AllSigNeurons,10.048281815289313,0.1537353749065887,25,0.03074707498131774,0.06026426696338277,9.98801754832593,10.108546082252696,0.2,AllSig,0.3072929643389179,0,immediate_recall,"Immediate
recall",LexicalH,"Lexical
surprisal"
0.6Alpha_2000Neurons,10.135547450143669,0.14641373724798432,25,0.029282747449596865,0.05739418500120985,10.07815326514246,10.192941635144878,0.6,2000,0.5661273931392368,0,immediate_recall,"Immediate
recall",LexicalH,"Lexical
surprisal"
0.6Alpha_10000Neurons,9.933981650915065,0.12988969972277167,25,0.025977939944554336,0.050916762291326495,9.883064888623739,9.984898413206391,0.6,10000,5.6263930512664974e-05,0,immediate_recall,"Immediate
recall",LexicalH,"Lexical
surprisal"
0.6Alpha_AllSigNeurons,9.834194204206522,0.1431235847686021,25,0.02862471695372042,0.056104445229292026,9.77808975897723,9.890298649435813,0.6,AllSig,2.963839569223891e-08,0,immediate_recall,"Immediate
recall",LexicalH,"Lexical
surprisal"
Original,10.09930940736426,0.1726335082856388,25,0.03452670165712776,0.06767233524797041,10.03163707211629,10.16698174261223,0.0,Original,,1,delayed_recall,"Delayed
recall",LexicalH,"Lexical
surprisal"
-0.6Alpha_2000Neurons,10.055206460569757,0.11864356517867596,25,0.02372871303573519,0.04650827755004097,10.008698183019716,10.101714738119798,-0.6,2000,0.3417784583497545,1,delayed_recall,"Delayed
recall",LexicalH,"Lexical
surprisal"
-0.6Alpha_10000Neurons,10.135912506229927,0.1938547409349255,25,0.0387709481869851,0.07599105844649079,10.059921447783436,10.211903564676417,-0.6,10000,0.3417784583497545,1,delayed_recall,"Delayed
recall",LexicalH,"Lexical
surprisal"
-0.6Alpha_AllSigNeurons,10.253641871948895,0.15736805096785986,25,0.03147361019357197,0.06168827597940106,10.191953595969494,10.315330147928297,-0.6,AllSig,0.000127888643463,1,delayed_recall,"Delayed
recall",LexicalH,"Lexical
surprisal"
0.2Alpha_2000Neurons,10.168484384670048,0.19000892882708448,25,0.03800178576541689,0.0744835001002171,10.09400088456983,10.242967884770266,0.2,2000,0.3417784583497545,1,delayed_recall,"Delayed
recall",LexicalH,"Lexical
surprisal"
0.2Alpha_10000Neurons,10.113120970267074,0.14179051044370994,25,0.02835810208874199,0.0555818800939343,10.05753909017314,10.168702850361008,0.2,10000,0.956909964320166,1,delayed_recall,"Delayed
recall",LexicalH,"Lexical
surprisal"
0.2Alpha_AllSigNeurons,10.05827292667907,0.16238750624348158,25,0.03247750124869632,0.06365590244744479,9.994617024231625,10.121928829126515,0.2,AllSig,0.3417784583497545,1,delayed_recall,"Delayed
recall",LexicalH,"Lexical
surprisal"
0.6Alpha_2000Neurons,10.143826869258847,0.1375291616976347,25,0.027505832339526942,0.0539114313854728,10.089915437873374,10.19773830064432,0.6,2000,0.7209949905273885,1,delayed_recall,"Delayed
recall",LexicalH,"Lexical
surprisal"
0.6Alpha_10000Neurons,9.897723608451408,0.14094208099441394,25,0.028188416198882786,0.05524929574981026,9.842474312701597,9.952972904201218,0.6,10000,8.527440865110153e-07,1,delayed_recall,"Delayed
recall",LexicalH,"Lexical
surprisal"
0.6Alpha_AllSigNeurons,9.751440632700936,0.1592684399633095,25,0.0318536879926619,0.06243322846561733,9.68900740423532,9.813873861166552,0.6,AllSig,2.797517613306324e-13,1,delayed_recall,"Delayed
recall",LexicalH,"Lexical
surprisal"
Original,10.905158542644498,0.30474086125775246,25,0.06094817225155049,0.11945841761303896,10.78570012503146,11.024616960257537,0.0,Original,,2,scene_construction,"Scene
construction",LexicalH,"Lexical
surprisal"
-0.6Alpha_2000Neurons,10.863101177852075,0.27327272532875196,25,0.05465454506575039,0.10712290832887077,10.755978269523204,10.970224086180945,-0.6,2000,0.7318870820565943,2,scene_construction,"Scene
construction",LexicalH,"Lexical
surprisal"
-0.6Alpha_10000Neurons,11.126999548601011,0.34610175603771726,25,0.06922035120754345,0.13567188836678518,10.991327660234226,11.262671436967796,-0.6,10000,0.0436616195340235,2,scene_construction,"Scene
construction",LexicalH,"Lexical
surprisal"
-0.6Alpha_AllSigNeurons,11.133445647112985,0.21464755926725793,25,0.042929511853451584,0.0841418432327651,11.049303803880221,11.21758749034575,-0.6,AllSig,0.0127071006063878,2,scene_construction,"Scene
construction",LexicalH,"Lexical
surprisal"
0.2Alpha_2000Neurons,10.905437206161155,0.2383237616885016,25,0.047664752337700324,0.09342291458189263,10.812014291579262,10.998860120743048,0.2,2000,0.9959080051999216,2,scene_construction,"Scene
construction",LexicalH,"Lexical
surprisal"
0.2Alpha_10000Neurons,10.759687874158047,0.29794599445173614,25,0.05958919889034723,0.11679482982508056,10.642893044332967,10.876482703983127,0.2,10000,0.1610091334148826,2,scene_construction,"Scene
construction",LexicalH,"Lexical
surprisal"
0.2Alpha_AllSigNeurons,10.893471136587147,0.28686951827999474,25,0.05737390365599895,0.11245285116575793,10.78101828542139,11.005923987752904,0.2,AllSig,0.9848534562989448,2,scene_construction,"Scene
construction",LexicalH,"Lexical
surprisal"
0.6Alpha_2000Neurons,10.964600433347355,0.3129858196236117,25,0.06259716392472234,0.12269044129245578,10.8419099920549,11.08729087463981,0.6,2000,0.7318870820565943,2,scene_construction,"Scene
construction",LexicalH,"Lexical
surprisal"
0.6Alpha_10000Neurons,10.716342348981087,0.3009027883997527,25,0.06018055767995054,0.11795389305270307,10.598388455928383,10.83429624203379,0.6,10000,0.0973145184266397,2,scene_construction,"Scene
construction",LexicalH,"Lexical
surprisal"
0.6Alpha_AllSigNeurons,10.50469103023743,0.21665275515044324,25,0.04333055103008865,0.08492788001897375,10.419763150218456,10.589618910256403,0.6,AllSig,1.133440903429064e-06,2,scene_construction,"Scene
construction",LexicalH,"Lexical
surprisal"
Original,0.065483429166029,0.011941473268006382,25,0.0023882946536012764,0.004681057521058502,0.0608023716449705,0.07016448668708751,0.0,Original,,0,immediate_recall,"Immediate
recall",clause_ratio,"Clause
ratio"
-0.6Alpha_2000Neurons,0.06521150997330323,0.013264307742050441,25,0.0026528615484100885,0.005199608634883774,0.06001190133841946,0.07041111860818701,-0.6,2000,0.9620929448619988,0,immediate_recall,"Immediate
recall",clause_ratio,"Clause
ratio"
-0.6Alpha_10000Neurons,0.07177429245255444,0.011054669105085279,25,0.0022109338210170556,0.004333430289193429,0.06744086216336101,0.07610772274174787,-0.6,10000,0.13455110906938,0,immediate_recall,"Immediate
recall",clause_ratio,"Clause
ratio"
-0.6Alpha_AllSigNeurons,0.06143172848449947,0.011638236030904463,25,0.0023276472061808926,0.0045621885241145495,0.05686953996038492,0.06599391700861403,-0.6,AllSig,0.2849435521603968,0,immediate_recall,"Immediate
recall",clause_ratio,"Clause
ratio"
0.2Alpha_2000Neurons,0.05768681471738284,0.013271835313009338,25,0.0026543670626018676,0.005202559442699661,0.05248425527468317,0.0628893741600825,0.2,2000,0.13455110906938,0,immediate_recall,"Immediate
recall",clause_ratio,"Clause
ratio"
0.2Alpha_10000Neurons,0.06314846068819907,0.011471416698912346,25,0.0022942833397824693,0.00449679534597364,0.058651665342225434,0.06764525603417271,0.2,10000,0.5529744922375953,0,immediate_recall,"Immediate
recall",clause_ratio,"Clause
ratio"
0.2Alpha_AllSigNeurons,0.06492744167891494,0.011603976055102314,25,0.002320795211020463,0.004548758613600107,0.06037868306531483,0.06947620029251504,0.2,AllSig,0.9620929448619988,0,immediate_recall,"Immediate
recall",clause_ratio,"Clause
ratio"
0.6Alpha_2000Neurons,0.061577497851115125,0.012553176560658887,25,0.0025106353121317772,0.004920845211778283,0.05665665263933684,0.06649834306289341,0.6,2000,0.5529744922375953,0,immediate_recall,"Immediate
recall",clause_ratio,"Clause
ratio"
0.6Alpha_10000Neurons,0.05049829928009981,0.019918659935891456,25,0.003983731987178291,0.007808114694869451,0.042690184585230356,0.05830641397496926,0.6,10000,0.0514418397764034,0,immediate_recall,"Immediate
recall",clause_ratio,"Clause
ratio"
0.6Alpha_AllSigNeurons,0.07014898697202489,0.027573506364671718,25,0.005514701272934344,0.010808814494951314,0.05934017247707357,0.0809578014669762,0.6,AllSig,0.5529744922375953,0,immediate_recall,"Immediate
recall",clause_ratio,"Clause
ratio"
Original,0.06493913525568097,0.013101932305494434,25,0.0026203864610988867,0.0051359574637538175,0.059803177791927155,0.0700750927194348,0.0,Original,,1,delayed_recall,"Delayed
recall",clause_ratio,"Clause
ratio"
-0.6Alpha_2000Neurons,0.06577783566926895,0.013634508462652704,25,0.002726901692530541,0.00534472731735986,0.06043310835190909,0.0711225629866288,-0.6,2000,0.7958047734013838,1,delayed_recall,"Delayed
recall",clause_ratio,"Clause
ratio"
-0.6Alpha_10000Neurons,0.07048707821632516,0.010739622902506327,25,0.0021479245805012654,0.00420993217778248,0.06627714603854268,0.07469701039410764,-0.6,10000,0.3007237910260817,1,delayed_recall,"Delayed
recall",clause_ratio,"Clause
ratio"
-0.6Alpha_AllSigNeurons,0.06147279665107038,0.011642060268561965,25,0.0023284120537123932,0.00456368762527629,0.05690910902579409,0.06603648427634667,-0.6,AllSig,0.3007237910260817,1,delayed_recall,"Delayed
recall",clause_ratio,"Clause
ratio"
0.2Alpha_2000Neurons,0.057025864772071604,0.013203513634247734,25,0.0026407027268495467,0.005175777344625112,0.05185008742744649,0.062201642116696716,0.2,2000,0.157451465976774,1,delayed_recall,"Delayed
recall",clause_ratio,"Clause
ratio"
0.2Alpha_10000Neurons,0.06028970082004295,0.011898410056103027,25,0.0023796820112206053,0.004664176741992387,0.05562552407805056,0.06495387756203534,0.2,10000,0.3007237910260817,1,delayed_recall,"Delayed
recall",clause_ratio,"Clause
ratio"
0.2Alpha_AllSigNeurons,0.06147501921536297,0.014266672110680988,25,0.0028533344221361974,0.005592535467386947,0.055882483747976025,0.06706755468274991,0.2,AllSig,0.7739326446930851,1,delayed_recall,"Delayed
recall",clause_ratio,"Clause
ratio"
0.6Alpha_2000Neurons,0.06165994743912034,0.01195567617273572,25,0.002391135234547144,0.0046866250597124015,0.056973322379407935,0.06634657249883275,0.6,2000,0.7802235278726083,1,delayed_recall,"Delayed
recall",clause_ratio,"Clause
ratio"
0.6Alpha_10000Neurons,0.04975010722485772,0.019808261458008916,25,0.003961652291601783,0.0077648384915394945,0.041985268733318225,0.05751494571639721,0.6,10000,0.0675186767916721,1,delayed_recall,"Delayed
recall",clause_ratio,"Clause
ratio"
0.6Alpha_AllSigNeurons,0.06075771149721424,0.02099638592358306,25,0.004199277184716612,0.00823058328204456,0.05252712821516968,0.0689882947792588,0.6,AllSig,0.7802235278726083,1,delayed_recall,"Delayed
recall",clause_ratio,"Clause
ratio"
Original,0.05652917787997789,0.01124409323756345,25,0.00224881864751269,0.004407684549124872,0.052121493330853017,0.06093686242910276,0.0,Original,,2,scene_construction,"Scene
construction",clause_ratio,"Clause
ratio"
-0.6Alpha_2000Neurons,0.06293170762951913,0.009144723006207,25,0.0018289446012414,0.003584731418433144,0.05934697621108599,0.06651643904795228,-0.6,2000,0.1428288827879311,2,scene_construction,"Scene
construction",clause_ratio,"Clause
ratio"
-0.6Alpha_10000Neurons,0.062022072006940106,0.01649144135844372,25,0.0032982882716887443,0.006464645012509939,0.05555742699443017,0.06848671701945004,-0.6,10000,0.33553702582867,2,scene_construction,"Scene
construction",clause_ratio,"Clause
ratio"
-0.6Alpha_AllSigNeurons,0.0625802842675327,0.011690967192297508,25,0.0023381934384595015,0.004582859139380622,0.057997425128152084,0.06716314340691333,-0.6,AllSig,0.1428288827879311,2,scene_construction,"Scene
construction",clause_ratio,"Clause
ratio"
0.2Alpha_2000Neurons,0.06080232199152711,0.01200764220579373,25,0.002401528441158746,0.004706995744671142,0.05609532624685597,0.06550931773619825,0.2,2000,0.33553702582867,2,scene_construction,"Scene
construction",clause_ratio,"Clause
ratio"
0.2Alpha_10000Neurons,0.055210967443788145,0.014281886050316609,25,0.002856377210063322,0.005598499331724111,0.04961246811206403,0.06080946677551226,0.2,10000,0.8611617321702635,2,scene_construction,"Scene
construction",clause_ratio,"Clause
ratio"
0.2Alpha_AllSigNeurons,0.0562297426136742,0.014593564753042224,25,0.0029187129506084448,0.005720677383192552,0.050509065230481646,0.061950419996866755,0.2,AllSig,0.9254364699821632,2,scene_construction,"Scene
construction",clause_ratio,"Clause
ratio"
0.6Alpha_2000Neurons,0.05757225560855811,0.013622137120224856,25,0.002724427424044971,0.005339877751128144,0.052232377857429964,0.06291213335968625,0.6,2000,0.8704573118877686,2,scene_construction,"Scene
construction",clause_ratio,"Clause
ratio"
0.6Alpha_10000Neurons,0.049802070777280605,0.01629551304533809,25,0.003259102609067618,0.0063878411137725305,0.043414229663508073,0.056189911891053136,0.6,10000,0.1428288827879311,2,scene_construction,"Scene
construction",clause_ratio,"Clause
ratio"
0.6Alpha_AllSigNeurons,0.03263268465047829,0.02802421703792817,25,0.0056048434075856345,0.010985493078867843,0.02164719157161045,0.04361817772934613,0.6,AllSig,0.0004499001865229,2,scene_construction,"Scene
construction",clause_ratio,"Clause
ratio"
Original,0.4757362790904532,0.013784785531588357,25,0.0027569571063176717,0.005403635928382637,0.4703326431620706,0.4811399150188358,0.0,Original,,0,immediate_recall,"Immediate
recall",lex_density,"Lexical idea
density"
-0.6Alpha_2000Neurons,0.47761148935317194,0.018500787863720964,25,0.0037001575727441927,0.007252308842578618,0.47035918051059333,0.48486379819575054,-0.6,2000,0.6855108122800775,0,immediate_recall,"Immediate
recall",lex_density,"Lexical idea
density"
-0.6Alpha_10000Neurons,0.48093594902775316,0.01668251118802152,25,0.0033365022376043037,0.006539544385704435,0.47439640464204874,0.4874754934134576,-0.6,10000,0.2330269736529069,0,immediate_recall,"Immediate
recall",lex_density,"Lexical idea
density"
-0.6Alpha_AllSigNeurons,0.4679860172293595,0.014636425925856343,25,0.0029272851851712685,0.005737478962935686,0.4622485382664238,0.4737234961922952,-0.6,AllSig,0.0698464668189894,0,immediate_recall,"Immediate
recall",lex_density,"Lexical idea
density"
0.2Alpha_2000Neurons,0.46946350251626234,0.013576344156859018,25,0.0027152688313718037,0.0053219269094887355,0.4641415756067736,0.4747854294257511,0.2,2000,0.1624894278054131,0,immediate_recall,"Immediate
recall",lex_density,"Lexical idea
density"
0.2Alpha_10000Neurons,0.4713750852888726,0.013807299642573764,25,0.002761459928514753,0.0054124614598889155,0.4659626238289837,0.47678754674876156,0.2,10000,0.3124354257675817,0,immediate_recall,"Immediate
recall",lex_density,"Lexical idea
density"
0.2Alpha_AllSigNeurons,0.46777906951161563,0.014935804851696302,25,0.0029871609703392603,0.00585483550186495,0.4619242340097507,0.47363390501348057,0.2,AllSig,0.0698464668189894,0,immediate_recall,"Immediate
recall",lex_density,"Lexical idea
density"
0.6Alpha_2000Neurons,0.4806457188421747,0.012694407845828775,25,0.002538881569165755,0.00497620787556488,0.47566951096660987,0.48562192671773957,0.6,2000,0.4055320960442471,0,immediate_recall,"Immediate
recall",lex_density,"Lexical idea
density"
0.6Alpha_10000Neurons,0.45719131966766524,0.0174058507899515,25,0.0034811701579903,0.0068230935096609885,0.45036822615800426,0.4640144131773262,0.6,10000,0.0001152790458105,0,immediate_recall,"Immediate
recall",lex_density,"Lexical idea
density"
0.6Alpha_AllSigNeurons,0.4406758129631897,0.02566151188723288,25,0.005132302377446576,0.010059312659795289,0.4306165003033944,0.450735125622985,0.6,AllSig,2.049107104768363e-09,0,immediate_recall,"Immediate
recall",lex_density,"Lexical idea
density"
Original,0.4760139665012045,0.01395212459491408,25,0.0027904249189828157,0.005469232841206319,0.47054473365999816,0.4814831993424108,0.0,Original,,1,delayed_recall,"Delayed
recall",lex_density,"Lexical idea
density"
-0.6Alpha_2000Neurons,0.477881308660091,0.01671754516519286,25,0.003343509033038572,0.006553277704755601,0.4713280309553354,0.4844345863648466,-0.6,2000,0.5773552175150531,1,delayed_recall,"Delayed
recall",lex_density,"Lexical idea
density"
-0.6Alpha_10000Neurons,0.48101239854208006,0.01704287789715764,25,0.0034085755794315284,0.006680808135685796,0.4743315904063943,0.48769320667776583,-0.6,10000,0.1754025273990141,1,delayed_recall,"Delayed
recall",lex_density,"Lexical idea
density"
-0.6Alpha_AllSigNeurons,0.46764161381425495,0.01435737819215443,25,0.002871475638430886,0.005628092251324536,0.4620135215629304,0.4732697060655795,-0.6,AllSig,0.1037903998110883,1,delayed_recall,"Delayed
recall",lex_density,"Lexical idea
density"
0.2Alpha_2000Neurons,0.4733003524235542,0.017023838305543684,25,0.0034047676611087367,0.006673344615773124,0.4666270078077811,0.47997369703932735,0.2,2000,0.5773552175150531,1,delayed_recall,"Delayed
recall",lex_density,"Lexical idea
density"
0.2Alpha_10000Neurons,0.470655362075163,0.014698601198791779,25,0.002939720239758356,0.0057618516699263775,0.46489351040523663,0.4764172137450894,0.2,10000,0.1754025273990141,1,delayed_recall,"Delayed
recall",lex_density,"Lexical idea
density"
0.2Alpha_AllSigNeurons,0.47139959897106015,0.015397424491754363,25,0.0030794848983508724,0.00603579040076771,0.46536380857029247,0.47743538937182783,0.2,AllSig,0.1754025273990141,1,delayed_recall,"Delayed
recall",lex_density,"Lexical idea
density"
0.6Alpha_2000Neurons,0.4831086555349102,0.013423571271079727,25,0.0026847142542159455,0.005262039938263253,0.477846615596647,0.48837069547317347,0.6,2000,0.3658316375521117,1,delayed_recall,"Delayed
recall",lex_density,"Lexical idea
density"
0.6Alpha_10000Neurons,0.46243866876564993,0.01737683707180322,25,0.003475367414360644,0.006811720132146862,0.45562694863350306,0.4692503888977968,0.6,10000,6.138291183215144e-05,1,delayed_recall,"Delayed
recall",lex_density,"Lexical idea
density"
0.6Alpha_AllSigNeurons,0.46409364799437314,0.022814947745250832,25,0.004562989549050166,0.008943459516138326,0.4551501884782348,0.4730371075105115,0.6,AllSig,0.035084293344627,1,delayed_recall,"Delayed
recall",lex_density,"Lexical idea
density"
Original,0.5198514318866265,0.025283123209889617,25,0.005056624641977923,0.009910984298276729,0.5099404475883498,0.5297624161849033,0.0,Original,,2,scene_construction,"Scene
construction",lex_density,"Lexical idea
density"
-0.6Alpha_2000Neurons,0.5219826490542692,0.02136029021659646,25,0.004272058043319292,0.008373233764905813,0.5136094152893633,0.530355882819175,-0.6,2000,0.8290035791350674,2,scene_construction,"Scene
construction",lex_density,"Lexical idea
density"
-0.6Alpha_10000Neurons,0.543472103177972,0.028522089636877676,25,0.0057044179273755356,0.011180659137656049,0.5322914440403159,0.5546527623156281,-0.6,10000,0.0034234131882017,2,scene_construction,"Scene
construction",lex_density,"Lexical idea
density"
-0.6Alpha_AllSigNeurons,0.5376038693870214,0.016414843000716977,25,0.0032829686001433953,0.006434618456281055,0.5311692509307404,0.5440384878433024,-0.6,AllSig,0.0034234131882017,2,scene_construction,"Scene
construction",lex_density,"Lexical idea
density"
0.2Alpha_2000Neurons,0.5214110995040984,0.021782854001645893,25,0.0043565708003291785,0.008538878768645189,0.5128722207354531,0.5299499782727436,0.2,2000,0.8290035791350674,2,scene_construction,"Scene
construction",lex_density,"Lexical idea
density"
0.2Alpha_10000Neurons,0.512456225881429,0.02523834974422454,25,0.005047669948844908,0.00989343309973602,0.502562792781693,0.522349658981165,0.2,10000,0.4410307191928264,2,scene_construction,"Scene
construction",lex_density,"Lexical idea
density"
0.2Alpha_AllSigNeurons,0.5185673921230193,0.02177566288664403,25,0.004355132577328806,0.008536059851564458,0.5100313322714548,0.5271034519745837,0.2,AllSig,0.8290035791350674,2,scene_construction,"Scene
construction",lex_density,"Lexical idea
density"
0.6Alpha_2000Neurons,0.5228983937091882,0.026297228904104436,25,0.005259445780820887,0.010308513730408938,0.5125898799787793,0.5332069074395972,0.6,2000,0.8290035791350674,2,scene_construction,"Scene
construction",lex_density,"Lexical idea
density"
0.6Alpha_10000Neurons,0.5044444529258054,0.027007534503594596,25,0.005401506900718919,0.01058695352540908,0.49385749940039636,0.5150314064512145,0.6,10000,0.1284326536936127,2,scene_construction,"Scene
construction",lex_density,"Lexical idea
density"
0.6Alpha_AllSigNeurons,0.4154203224201861,0.11822455333236448,25,0.023644910666472896,0.046344024906286876,0.36907629751389925,0.461764347326473,0.6,AllSig,0.0001165767610999,2,scene_construction,"Scene
construction",lex_density,"Lexical idea
density"
Original,0.8390866829884271,0.01578333153546822,25,0.0031566663070936437,0.0061870659619035415,0.8328996170265236,0.8452737489503307,0.0,Original,,0,immediate_recall,"Immediate
recall",mattr,"Lexical
richness"
-0.6Alpha_2000Neurons,0.8377756893348912,0.014392138648348705,25,0.002878427729669741,0.005641718350152693,0.8321339709847385,0.8434174076850439,-0.6,2000,0.8929165433295745,0,immediate_recall,"Immediate
recall",mattr,"Lexical
richness"
-0.6Alpha_10000Neurons,0.8359237555039977,0.012024947619205913,25,0.002404989523841183,0.004713779466728719,0.831209976037269,0.8406375349707264,-0.6,10000,0.8929165433295745,0,immediate_recall,"Immediate
recall",mattr,"Lexical
richness"
-0.6Alpha_AllSigNeurons,0.8377379638747061,0.011037859592319196,25,0.002207571918463839,0.004326840960189125,0.833411122914517,0.8420648048348952,-0.6,AllSig,0.9395146359068732,0,immediate_recall,"Immediate
recall",mattr,"Lexical
richness"
0.2Alpha_2000Neurons,0.8390875117516096,0.013877937615854563,25,0.0027755875231709128,0.005440151545414989,0.8336473602061946,0.8445276632970246,0.2,2000,0.9395146359068732,0,immediate_recall,"Immediate
recall",mattr,"Lexical
richness"
0.2Alpha_10000Neurons,0.8467454062789878,0.017878357147169996,25,0.003575671429433999,0.007008316001690638,0.8397370902772971,0.8537537222806784,0.2,10000,0.4244752423059852,0,immediate_recall,"Immediate
recall",mattr,"Lexical
richness"
0.2Alpha_AllSigNeurons,0.8535194473631499,0.014231062290698189,25,0.0028462124581396376,0.00557857641795369,0.8479408709451962,0.8590980237811036,0.2,AllSig,0.0099180609290374,0,immediate_recall,"Immediate
recall",mattr,"Lexical
richness"
0.6Alpha_2000Neurons,0.8465722605129876,0.01716790329689478,25,0.0034335806593789563,0.0067298180923827545,0.8398424424206049,0.8533020786053703,0.6,2000,0.51071719755682,0,immediate_recall,"Immediate
recall",mattr,"Lexical
richness"
0.6Alpha_10000Neurons,0.8432430478916264,0.014315550608425157,25,0.0028631101216850313,0.005611695838502661,0.8376313520531238,0.848854743730129,0.6,10000,0.8929165433295745,0,immediate_recall,"Immediate
recall",mattr,"Lexical
richness"
0.6Alpha_AllSigNeurons,0.8370930853260249,0.019915273450304347,25,0.003983054690060869,0.007806787192519303,0.8292862981335056,0.8448998725185441,0.6,AllSig,0.8929165433295745,0,immediate_recall,"Immediate
recall",mattr,"Lexical
richness"
Original,0.838095396546081,0.015400109887536964,25,0.003080021977507393,0.00603684307591449,0.8320585534701666,0.8441322396219955,0.0,Original,,1,delayed_recall,"Delayed
recall",mattr,"Lexical
richness"
-0.6Alpha_2000Neurons,0.8387622867408756,0.013789246767763321,25,0.0027578493535526643,0.005405384732963222,0.8333569020079123,0.8441676714738389,-0.6,2000,0.9402285751933616,1,delayed_recall,"Delayed
recall",mattr,"Lexical
richness"
-0.6Alpha_10000Neurons,0.8349359201009989,0.011874653205210096,25,0.0023749306410420193,0.004654864056442358,0.8302810560445566,0.8395907841574413,-0.6,10000,0.9402285751933616,1,delayed_recall,"Delayed
recall",mattr,"Lexical
richness"
-0.6Alpha_AllSigNeurons,0.8378713296484479,0.011086383685851535,25,0.0022172767371703072,0.004345862404853802,0.8335254672435941,0.8422171920533017,-0.6,AllSig,0.9580995683821724,1,delayed_recall,"Delayed
recall",mattr,"Lexical
richness"
0.2Alpha_2000Neurons,0.8393213370427162,0.011825469792075178,25,0.0023650939584150357,0.00463558415849347,0.8346857528842226,0.8439569212012097,0.2,2000,0.9402285751933616,1,delayed_recall,"Delayed
recall",mattr,"Lexical
richness"
0.2Alpha_10000Neurons,0.8469074694779636,0.019542884850329567,25,0.003908576970065913,0.00766081086132919,0.8392466586166344,0.8545682803392928,0.2,10000,0.2751521721652028,1,delayed_recall,"Delayed
recall",mattr,"Lexical
richness"
0.2Alpha_AllSigNeurons,0.8492475347442351,0.015328864651935732,25,0.0030657729303871463,0.006008914943558806,0.8432386198006763,0.8552564496877939,0.2,AllSig,0.067494139473469,1,delayed_recall,"Delayed
recall",mattr,"Lexical
richness"
0.6Alpha_2000Neurons,0.846361594210744,0.01699735539865209,25,0.003399471079730418,0.006662963316271619,0.8396986308944724,0.8530245575270156,0.6,2000,0.2751521721652028,1,delayed_recall,"Delayed
recall",mattr,"Lexical
richness"
0.6Alpha_10000Neurons,0.8418101543126661,0.016018644854924855,25,0.003203728970984971,0.006279308783130543,0.8355308455295356,0.8480894630957967,0.6,10000,0.9402285751933616,1,delayed_recall,"Delayed
recall",mattr,"Lexical
richness"
0.6Alpha_AllSigNeurons,0.8364175890191339,0.0212286759345832,25,0.004245735186916641,0.008321640966356616,0.8280959480527773,0.8447392299854904,0.6,AllSig,0.9402285751933616,1,delayed_recall,"Delayed
recall",mattr,"Lexical
richness"
Original,0.8492435519808664,0.02428248604275263,25,0.004856497208550526,0.00951873452875903,0.8397248174521074,0.8587622865096255,0.0,Original,,2,scene_construction,"Scene
construction",mattr,"Lexical
richness"
-0.6Alpha_2000Neurons,0.8567709405917282,0.02254085921765939,25,0.004508171843531878,0.008836016813322481,0.8479349237784057,0.8656069574050507,-0.6,2000,0.38058335015357,2,scene_construction,"Scene
construction",mattr,"Lexical
richness"
-0.6Alpha_10000Neurons,0.8613044428277705,0.021773295333416744,25,0.004354659066683348,0.008535131770699363,0.8527693110570712,0.8698395745984698,-0.6,10000,0.2648001131827784,2,scene_construction,"Scene
construction",mattr,"Lexical
richness"
-0.6Alpha_AllSigNeurons,0.8581123483775945,0.019025358230453197,25,0.0038050716460906395,0.007457940426337653,0.8506544079512569,0.8655702888039322,-0.6,AllSig,0.2699534916649198,2,scene_construction,"Scene
construction",mattr,"Lexical
richness"
0.2Alpha_2000Neurons,0.8467629258633887,0.01784329696258569,25,0.003568659392517138,0.00699457240933359,0.8397683534540552,0.8537574982727223,0.2,2000,0.7665290630219322,2,scene_construction,"Scene
construction",mattr,"Lexical
richness"
0.2Alpha_10000Neurons,0.8439977045371987,0.02593868965947079,25,0.005187737931894159,0.01016796634651255,0.8338297381906862,0.8541656708837112,0.2,10000,0.6875591074194953,2,scene_construction,"Scene
construction",mattr,"Lexical
richness"
0.2Alpha_AllSigNeurons,0.8527752741300128,0.02144570659386602,25,0.004289141318773204,0.00840671698479548,0.8443685571452173,0.8611819911148082,0.2,AllSig,0.7350411077759771,2,scene_construction,"Scene
construction",mattr,"Lexical
richness"
0.6Alpha_2000Neurons,0.8500810987214392,0.018488987753674177,25,0.0036977975507348354,0.007247683199440277,0.842833415521999,0.8573287819208795,0.6,2000,0.9035413858479964,2,scene_construction,"Scene
construction",mattr,"Lexical
richness"
0.6Alpha_10000Neurons,0.837478423195671,0.022766322123090398,25,0.00455326442461808,0.008924398272251437,0.8285540249234196,0.8464028214679225,0.6,10000,0.2699534916649198,2,scene_construction,"Scene
construction",mattr,"Lexical
richness"
0.6Alpha_AllSigNeurons,0.8817529777881369,0.08445342706769891,25,0.01689068541353978,0.03310574341053797,0.8486472343775989,0.9148587211986748,0.6,AllSig,0.2648001131827784,2,scene_construction,"Scene
construction",mattr,"Lexical
richness"
Original,120.72,9.838360296987164,25,1.9676720593974326,3.856637236418968,116.86336276358104,124.57663723641896,0.0,Original,,0,immediate_recall,"Immediate
recall",n_tokens,"Token
count"
-0.6Alpha_2000Neurons,119.76,14.908834070219354,25,2.981766814043871,5.844262955525987,113.91573704447401,125.604262955526,-0.6,2000,0.7322489168452231,0,immediate_recall,"Immediate
recall",n_tokens,"Token
count"
-0.6Alpha_10000Neurons,126.04,10.82620278152348,25,2.165240556304696,4.243871490357204,121.7961285096428,130.2838714903572,-0.6,10000,0.2511605582752908,0,immediate_recall,"Immediate
recall",n_tokens,"Token
count"
-0.6Alpha_AllSigNeurons,125.68,14.67912349790227,25,2.935824699580454,5.75421641117769,119.92578358882231,131.4342164111777,-0.6,AllSig,0.2960056691159549,0,immediate_recall,"Immediate
recall",n_tokens,"Token
count"
0.2Alpha_2000Neurons,122.48,13.317031701296399,25,2.6634063402592796,5.220276426908188,117.25972357309182,127.70027642690819,0.2,2000,0.7271420203203874,0,immediate_recall,"Immediate
recall",n_tokens,"Token
count"
0.2Alpha_10000Neurons,117.08,16.015409246514228,25,3.2030818493028455,6.278040424633577,110.80195957536642,123.35804042463357,0.2,10000,0.377098159787522,0,immediate_recall,"Immediate
recall",n_tokens,"Token
count"
0.2Alpha_AllSigNeurons,117.8,14.439529078193653,25,2.8879058156387307,5.660295398651912,112.13970460134809,123.46029539865191,0.2,AllSig,0.377098159787522,0,immediate_recall,"Immediate
recall",n_tokens,"Token
count"
0.6Alpha_2000Neurons,112.24,16.8949696655543,25,3.37899393311086,6.622828108897286,105.61717189110271,118.86282810889728,0.6,2000,0.2511605582752908,0,immediate_recall,"Immediate
recall",n_tokens,"Token
count"
0.6Alpha_10000Neurons,107.52,17.12240247940302,25,3.424480495880604,6.711981771925984,100.80801822807402,114.23198177192597,0.6,10000,0.001785641294205,0,immediate_recall,"Immediate
recall",n_tokens,"Token
count"
0.6Alpha_AllSigNeurons,119.48,22.248820193439467,25,4.449764038687894,8.721537515828272,110.75846248417173,128.20153751582828,0.6,AllSig,0.7271420203203874,0,immediate_recall,"Immediate
recall",n_tokens,"Token
count"
Original,120.4,10.0,25,2.0,3.92,116.48,124.32000000000001,0.0,Original,,1,delayed_recall,"Delayed
recall",n_tokens,"Token
count"
-0.6Alpha_2000Neurons,119.96,14.426480282221764,25,2.8852960564443526,5.655180270630931,114.30481972936906,125.61518027063093,-0.6,2000,0.9279153723641234,1,delayed_recall,"Delayed
recall",n_tokens,"Token
count"
-0.6Alpha_10000Neurons,126.04,11.27489837352574,25,2.2549796747051483,4.41976016242209,121.62023983757791,130.4597601624221,-0.6,10000,0.1729419447025775,1,delayed_recall,"Delayed
recall",n_tokens,"Token
count"
-0.6Alpha_AllSigNeurons,125.6,14.705441169852739,25,2.9410882339705475,5.764532938582273,119.83546706141772,131.36453293858227,-0.6,AllSig,0.2007533765161195,1,delayed_recall,"Delayed
recall",n_tokens,"Token
count"
0.2Alpha_2000Neurons,120.4,13.564659966250534,25,2.712931993250107,5.317346706770209,115.0826532932298,125.71734670677021,0.2,2000,0.94506516324835,1,delayed_recall,"Delayed
recall",n_tokens,"Token
count"
0.2Alpha_10000Neurons,116.44,15.5645965789887,25,3.11291931579774,6.101321858963571,110.33867814103643,122.54132185896357,0.2,10000,0.2830136068231711,1,delayed_recall,"Delayed
recall",n_tokens,"Token
count"
0.2Alpha_AllSigNeurons,115.88,15.125365009369746,25,3.0250730018739493,5.92914308367294,109.95085691632706,121.80914308367294,0.2,AllSig,0.2007533765161195,1,delayed_recall,"Delayed
recall",n_tokens,"Token
count"
0.6Alpha_2000Neurons,110.64,18.172506706560878,25,3.6345013413121756,7.123622628971864,103.51637737102814,117.76362262897186,0.6,2000,0.1136654604658769,1,delayed_recall,"Delayed
recall",n_tokens,"Token
count"
0.6Alpha_10000Neurons,105.36,15.840033669997887,25,3.168006733999577,6.2092931986391715,99.15070680136083,111.56929319863917,0.6,10000,0.0001262233209869,1,delayed_recall,"Delayed
recall",n_tokens,"Token
count"
0.6Alpha_AllSigNeurons,108.64,17.497333130127764,25,3.4994666260255527,6.858954587010083,101.78104541298991,115.49895458701009,0.6,AllSig,0.0143044676803579,1,delayed_recall,"Delayed
recall",n_tokens,"Token
count"
Original,142.24,7.287432103743177,25,1.4574864207486353,2.8566733846673253,139.3833266153327,145.09667338466733,0.0,Original,,2,scene_construction,"Scene
construction",n_tokens,"Token
count"
-0.6Alpha_2000Neurons,143.48,8.6222580182533,25,1.7244516036506599,3.3799251431552935,140.10007485684469,146.8599251431553,-0.6,2000,0.6126463187593184,2,scene_construction,"Scene
construction",n_tokens,"Token
count"
-0.6Alpha_10000Neurons,144.64,7.250747087944343,25,1.4501494175888685,2.842292858474182,141.7977071415258,147.48229285847418,-0.6,10000,0.366080335866609,2,scene_construction,"Scene
construction",n_tokens,"Token
count"
-0.6Alpha_AllSigNeurons,151.04,7.173330235439237,25,1.4346660470878474,2.8119454522921807,148.2280545477078,153.85194545229217,-0.6,AllSig,6.631641664897418e-07,2,scene_construction,"Scene
construction",n_tokens,"Token
count"
0.2Alpha_2000Neurons,140.44,9.26498785752038,25,1.8529975715040758,3.6318752401479886,136.808124759852,144.071875240148,0.2,2000,0.5766102567666354,2,scene_construction,"Scene
construction",n_tokens,"Token
count"
0.2Alpha_10000Neurons,141.52,7.136292221221516,25,1.4272584442443033,2.7974265507188343,138.72257344928119,144.31742655071884,0.2,10000,0.7020291049403237,2,scene_construction,"Scene
construction",n_tokens,"Token
count"
0.2Alpha_AllSigNeurons,130.56,10.60691598282303,25,2.121383196564606,4.157911065266628,126.40208893473337,134.71791106526663,0.2,AllSig,2.0553199280871205e-05,2,scene_construction,"Scene
construction",n_tokens,"Token
count"
0.6Alpha_2000Neurons,139.08,7.92106895143158,25,1.584213790286316,3.1050590289611795,135.97494097103882,142.1850590289612,0.6,2000,0.1761134152142634,2,scene_construction,"Scene
construction",n_tokens,"Token
count"
0.6Alpha_10000Neurons,134.08,10.641585094962755,25,2.128317018992551,4.1715013572254005,129.90849864277462,138.2515013572254,0.6,10000,0.0012043137921901,2,scene_construction,"Scene
construction",n_tokens,"Token
count"
0.6Alpha_AllSigNeurons,77.64,52.50704714607364,25,10.501409429214728,20.58276248126087,57.05723751873913,98.22276248126087,0.6,AllSig,2.0553199280871205e-05,2,scene_construction,"Scene
construction",n_tokens,"Token
count"
