ID,bot,bot_clean,Correct,total_num,correctness_ratio
b68377eaceb6dd0e,"dog,cat,bird,fish,rabbit,squirrel,duck,deer,elephant,giraffe,zebra,lion,tiger,monkey,fox","dog,cat,bird,fish,rabbit,squirrel,duck,deer,elephant,giraffe,zebra,lion,tiger,monkey,fox",yes,15.0,1.0
b45c50cd638f3f88,"cat,dog,bird,fish,snake,horse,elephant,shark,whale,lion,tiger,zebra,monkey,rabbit,duck","cat,dog,bird,fish,snake,horse,elephant,shark,whale,lion,tiger,zebra,monkey,rabbit,duck",yes,15.0,1.0
a7748adde1db7e07,"antelope, armadillo, beaver, bison, cat, cheetah, dog, elephant, falcon, fish, fox, giraffe, goat, hippo, horse","antelope, armadillo, beaver, bison, cat, cheetah, dog, elephant, falcon, fish, fox, giraffe, goat, hippo, horse",yes,15.0,1.0
4a61492dd69bf489,"cat,dog,bird,fish,horse,elephant,monkey,tiger,snake,duck,goat,sheep,zebra,lion,bear","cat,dog,bird,fish,horse,elephant,monkey,tiger,snake,duck,goat,sheep,zebra,lion,bear",yes,15.0,1.0
206a1264a38e8fb8,"cat,dog,bird,fish,rabbit,squirrel,mouse,elephant,tiger,lion,zebra,horse,cow,pig,chicken","cat,dog,bird,fish,rabbit,squirrel,mouse,elephant,tiger,lion,zebra,horse,cow,pig,chicken",yes,15.0,1.0
a8426571676d8535,"cat,dog,bird,fish,rabbit,squirrel,mouse,lion,tiger,elephant,zebra,giraffe,cow,pig,horse","cat,dog,bird,fish,rabbit,squirrel,mouse,lion,tiger,elephant,zebra,giraffe,cow,pig,horse",yes,15.0,1.0
3ac22ffe1f4df9a2,"cat,dog,bird,fish,snake,horse,elephant,monkey,tiger,lion,duck,deer,rabbit,bee,shark","cat,dog,bird,fish,snake,horse,elephant,monkey,tiger,lion,duck,deer,rabbit,bee,shark",yes,15.0,1.0
aacec48a3ba6aefe,"dog,cat,bird,fish,rabbit,horse,cow,sheep,chicken,pig,snake,elephant,lion,tiger,monkey","dog,cat,bird,fish,rabbit,horse,cow,sheep,chicken,pig,snake,elephant,lion,tiger,monkey",yes,15.0,1.0
8fb1aa6e509c08f9,"antelope, armadillo, beaver, bison, cat, cheetah, dolphin, elephant, fox, giraffe, hippo, jaguar, kangaroo, lion, monkey","antelope, armadillo, beaver, bison, cat, cheetah, dolphin, elephant, fox, giraffe, hippo, jaguar, kangaroo, lion, monkey",yes,15.0,1.0
fbe8651cdffbb86d,"cat,dog,bird,fish,snake,elephant,shark,horse,zebra,lion,tiger,monkey,deer,duck,bear","cat,dog,bird,fish,snake,elephant,shark,horse,zebra,lion,tiger,monkey,deer,duck,bear",yes,15.0,1.0
b6e897ee8cf608de,"cat,dog,bird,fish,horse,cow,duck,snake,elephant,shark,deer,rabbit,fox,bee,ant","cat,dog,bird,fish,horse,cow,duck,snake,elephant,shark,deer,rabbit,fox,bee,ant",yes,15.0,1.0
f38343524138e4d3,"cat,dog,bird,fish,rabbit,squirrel,mouse,lion,tiger,elephant,shark,cow,pig,horse,chicken","cat,dog,bird,fish,rabbit,squirrel,mouse,lion,tiger,elephant,shark,cow,pig,horse,chicken",yes,15.0,1.0
195fbbe46d95ca46,"cat,dog,bird,fish,snake,horse,elephant,monkey,tiger,lion,zebra,shark,duck,deer,bee","cat,dog,bird,fish,snake,horse,elephant,monkey,tiger,lion,zebra,shark,duck,deer,bee",yes,15.0,1.0
cbe030967d3611a9,"cat,dog,bird,fish,snake,horse,elephant,shark,whale,tiger,lion,zebra,monkey,deer,fox","cat,dog,bird,fish,snake,horse,elephant,shark,whale,tiger,lion,zebra,monkey,deer,fox",yes,15.0,1.0
a0deca3df713b500,"cat,dog,bird,fish,rabbit,squirrel,mouse,lion,tiger,elephant,giraffe,zebra,horse,cow,pig","cat,dog,bird,fish,rabbit,squirrel,mouse,lion,tiger,elephant,giraffe,zebra,horse,cow,pig",yes,15.0,1.0
88931135d35b172b,"cat,dog,bird,fish,rabbit,squirrel,elephant,tiger,lion,zebra,horse,cow,pig,chicken,snake","cat,dog,bird,fish,rabbit,squirrel,elephant,tiger,lion,zebra,horse,cow,pig,chicken,snake",yes,15.0,1.0
e1fa67adc5ec7811,"cat,dog,bird,fish,snake,horse,elephant,shark,whale,lion,tiger,zebra,monkey,deer,fox","cat,dog,bird,fish,snake,horse,elephant,shark,whale,lion,tiger,zebra,monkey,deer,fox",yes,15.0,1.0
090efd7069fe4985,"dog,cat,bird,fish,rabbit,squirrel,dog,duck,deer,elephant,giraffe,zebra,lion,tiger,fox","dog,cat,bird,fish,rabbit,squirrel,dog,duck,deer,elephant,giraffe,zebra,lion,tiger,fox",yes,14.0,0.9333333333333333
9a9ad1382b5ebaee,"dog,cat,bird,fish,rabbit,mouse,snake,lion,tiger,elephant,zebra,horse,monkey,whale,dolphin","dog,cat,bird,fish,rabbit,mouse,snake,lion,tiger,elephant,zebra,horse,monkey,whale,dolphin",yes,15.0,1.0
ac01e50aa00f838b,"dog,cat,bird,fish,rabbit,squirrel,mouse,elephant,shark,whale,tiger,lion,zebra,horse,cow","dog,cat,bird,fish,rabbit,squirrel,mouse,elephant,shark,whale,tiger,lion,zebra,horse,cow",yes,15.0,1.0
3019b1fe98a6ebda,"cat,dog,bird,fish,snake,horse,elephant,tiger,lion,monkey,zebra,duck,owl,shark,beaver","cat,dog,bird,fish,snake,horse,elephant,tiger,lion,monkey,zebra,duck,owl,shark,beaver",yes,15.0,1.0
0789d8cec7990c9a,"cat, dog, bird, fish, cow, horse, sheep, goat, pig, rabbit, deer, bear, wolf, fox, elephant","cat, dog, bird, fish, cow, horse, sheep, goat, pig, rabbit, deer, bear, wolf, fox, elephant",yes,15.0,1.0
7680a3e16d9bcc61,"dog,cat,bird,fish,rabbit,snake,monkey,tiger,lion,zebra,horse,elephant,giraffe,cow,pig","dog,cat,bird,fish,rabbit,snake,monkey,tiger,lion,zebra,horse,elephant,giraffe,cow,pig",yes,15.0,1.0
de8166a2cd6683a0,"dog,cat,bird,fish,rabbit,squirrel,duck,turtle,lion,tiger,elephant,giraffe,zebra,horse,cow","dog,cat,bird,fish,rabbit,squirrel,duck,turtle,lion,tiger,elephant,giraffe,zebra,horse,cow",yes,15.0,1.0
35ba37a804c12271,"cat,dog,bird,fish,snake,horse,elephant,monkey,zebra,deer,tiger,lion,duck,rabbit,bear","cat,dog,bird,fish,snake,horse,elephant,monkey,zebra,deer,tiger,lion,duck,rabbit,bear",yes,15.0,1.0
f3a42df4e0d2b630,"elephant, lion, tiger, bear, giraffe, zebra, cheetah, wolf, bear, deer, snake, bird, fish, monkey, horse","elephant, lion, tiger, bear, giraffe, zebra, cheetah, wolf, bear, deer, snake, bird, fish, monkey, horse",yes,14.0,0.9333333333333333
8582e932a77dec79,"cat,dog,bird,fish,snake,elephant,monkey,tiger,lion,zebra,hippopotamus,giraffe,koala,beaver,deer","cat,dog,bird,fish,snake,elephant,monkey,tiger,lion,zebra,hippopotamus,giraffe,koala,beaver,deer",yes,15.0,1.0
b0f9b61b58cb15f8,"cat,dog,bird,fish,rabbit,squirrel,elephant,tiger,lion,bear,cow,pig,horse,chicken,snake","cat,dog,bird,fish,rabbit,squirrel,elephant,tiger,lion,bear,cow,pig,horse,chicken,snake",yes,15.0,1.0
5742684ce989c5fc,"cat,dog,bird,fish,snake,elephant,hippopotamus,tiger,lion,zebra,giraffe,monkey,deer,duck,fox","cat,dog,bird,fish,snake,elephant,hippopotamus,tiger,lion,zebra,giraffe,monkey,deer,duck,fox",yes,15.0,1.0
46dfb194bd69c579,"cat,dog,bird,fish,snake,elephant,monkey,tiger,lion,zebra,giraffe,hippopotamus,whale,dolphin,shark","cat,dog,bird,fish,snake,elephant,monkey,tiger,lion,zebra,giraffe,hippopotamus,whale,dolphin,shark",yes,15.0,1.0
6211320a780be800,"dog,cat,bird,fish,rabbit,horse,chicken,pig,cow,lion,tiger,elephant,zebra,giraffe,cheetah","dog,cat,bird,fish,rabbit,horse,chicken,pig,cow,lion,tiger,elephant,zebra,giraffe,cheetah",yes,15.0,1.0
c9bdbb0778bf3f79,"cat,dog,bird,fish,snake,elephant,monkey,tiger,lion,zebra,duck,goat,horse,bee,shark","cat,dog,bird,fish,snake,elephant,monkey,tiger,lion,zebra,duck,goat,horse,bee,shark",yes,15.0,1.0
14bdbf8dd374813c,"cat,dog,bird,fish,snake,elephant,monkey,tiger,lion,zebra,hippopotamus,giraffe,deer,rabbit,bird","cat,dog,bird,fish,snake,elephant,monkey,tiger,lion,zebra,hippopotamus,giraffe,deer,rabbit,bird",yes,14.0,0.9333333333333333
74e502424e3640ef,"cat,dog,bird,fish,snake,elephant,monkey,tiger,lion,zebra,giraffe,hippopotamus,koala,seal,whale","cat,dog,bird,fish,snake,elephant,monkey,tiger,lion,zebra,giraffe,hippopotamus,koala,seal,whale",yes,15.0,1.0
298f4b165998bdff,"dog,cat,bird,fish,rabbit,squirrel,mouse,lion,tiger,elephant,giraffe,zebra,horse,cow,pig","dog,cat,bird,fish,rabbit,squirrel,mouse,lion,tiger,elephant,giraffe,zebra,horse,cow,pig",yes,15.0,1.0
e3b29d009d743d78,"dog,cat,bird,fish,rabbit,squirrel,duck,deer,bear,lion,tiger,zebra,monkey,elephant,giraffe","dog,cat,bird,fish,rabbit,squirrel,duck,deer,bear,lion,tiger,zebra,monkey,elephant,giraffe",yes,15.0,1.0
d6d0f0bbeeef090a,"dog,cat,bird,fish,rabbit,squirrel,elephant,tiger,lion,zebra,horse,cow,pig,duck,chicken","dog,cat,bird,fish,rabbit,squirrel,elephant,tiger,lion,zebra,horse,cow,pig,duck,chicken",yes,15.0,1.0
55ecd445df6d85fe,"cat,dog,bird,fish,rabbit,squirrel,elephant,tiger,lion,bear,cow,pig,horse,chicken,duck","cat,dog,bird,fish,rabbit,squirrel,elephant,tiger,lion,bear,cow,pig,horse,chicken,duck",yes,15.0,1.0
1df8afb375db6660,"cat,dog,bird,fish,snake,elephant,monkey,tiger,lion,zebra,hippopotamus,giraffe,koala,butterfly,bee","cat,dog,bird,fish,snake,elephant,monkey,tiger,lion,zebra,hippopotamus,giraffe,koala,butterfly,bee",yes,15.0,1.0
a4f1f1b06844e2c4,"dog,cat,bird,fish,rabbit,squirrel,duck,turtle,lion,tiger,elephant,giraffe,zebra,horse,cow","dog,cat,bird,fish,rabbit,squirrel,duck,turtle,lion,tiger,elephant,giraffe,zebra,horse,cow",yes,15.0,1.0
00810b15446476f2,"cat,dog,bird,fish,rabbit,squirrel,deer,horse,cow,pig,lion,tiger,elephant,giraffe,zebra","cat,dog,bird,fish,rabbit,squirrel,deer,horse,cow,pig,lion,tiger,elephant,giraffe,zebra",yes,15.0,1.0
0c40571ff093f733,"cat,dog,bird,fish,snake,elephant,monkey,tiger,lion,zebra,hippopotamus,giraffe,monkey,deer,fox","cat,dog,bird,fish,snake,elephant,monkey,tiger,lion,zebra,hippopotamus,giraffe,monkey,deer,fox",yes,14.0,0.9333333333333333
004983f2ebf3d342,"dog,cat,bird,fish,rabbit,rat,squirrel,mouse,lion,tiger,elephant,giraffe,zebra,horse,cow","dog,cat,bird,fish,rabbit,rat,squirrel,mouse,lion,tiger,elephant,giraffe,zebra,horse,cow",yes,15.0,1.0
08ab51c4bcf6d716,"cat,dog,bird,fish,snake,elephant,lion,tiger,bear,monkey,zebra,hippopotamus,giraffe,deer,fox","cat,dog,bird,fish,snake,elephant,lion,tiger,bear,monkey,zebra,hippopotamus,giraffe,deer,fox",yes,15.0,1.0
fbcc214774f05979,"elephant, tiger, lion, zebra, giraffe, monkey, bear, wolf, deer, snake, crocodile, penguin, dolphin, kangaroo, octopus","elephant, tiger, lion, zebra, giraffe, monkey, bear, wolf, deer, snake, crocodile, penguin, dolphin, kangaroo, octopus",yes,15.0,1.0
fe0daf76a6c0a82a,"cat,dog,bird,fish,rabbit,squirrel,elephant,lion,tiger,bear,cow,pig,horse,zebra,giraffe,cheetah","cat,dog,bird,fish,rabbit,squirrel,elephant,lion,tiger,bear,cow,pig,horse,zebra,giraffe,cheetah",yes,16.0,1.0
7c81aadd82c606c1,"dog,cat,bird,fish,rabbit,mouse,deer,horse,cow,pig,snake,lizard,turtle,duck,chicken","dog,cat,bird,fish,rabbit,mouse,deer,horse,cow,pig,snake,lizard,turtle,duck,chicken",yes,15.0,1.0
60ff6fbaa1c380a5,"cat, dog, bird, fish, horse, cow, sheep, goat, pig, rabbit, deer, bear, lion, tiger, elephant","cat, dog, bird, fish, horse, cow, sheep, goat, pig, rabbit, deer, bear, lion, tiger, elephant",yes,15.0,1.0
88affc35a4046761,"cat,dog,bird,fish,snake,elephant,hippopotamus,tiger,lion,bear,zebra,giraffe,monkey,deer,whale","cat,dog,bird,fish,snake,elephant,hippopotamus,tiger,lion,bear,zebra,giraffe,monkey,deer,whale",yes,15.0,1.0
d4ca3e13bac51d26,"cat,dog,bird,fish,snake,elephant,zebra,lion,tiger,bear,monkey,hippopotamus,giraffe,deer,fox","cat,dog,bird,fish,snake,elephant,zebra,lion,tiger,bear,monkey,hippopotamus,giraffe,deer,fox",yes,15.0,1.0
9edc6bad4bcf8e05,"dog, cat, bird, fish, horse, cow, sheep, goat, deer, rabbit, snake, turtle, frog, lion, tiger","dog, cat, bird, fish, horse, cow, sheep, goat, deer, rabbit, snake, turtle, frog, lion, tiger",yes,15.0,1.0
f55275897ac0066c,"dog, cat, bird, fish, horse, cow, sheep, goat, deer, elephant, lion, tiger, zebra, giraffe, snake","dog, cat, bird, fish, horse, cow, sheep, goat, deer, elephant, lion, tiger, zebra, giraffe, snake",yes,15.0,1.0
68d5de4fa4137a37,"dog, cat, bird, fish, horse, cow, sheep, goat, deer, rabbit, snake, turtle, frog, lion, tiger","dog, cat, bird, fish, horse, cow, sheep, goat, deer, rabbit, snake, turtle, frog, lion, tiger",yes,15.0,1.0
1a7a5b41e8d02365,"cat, dog, bird, fish, horse, cow, sheep, goat, deer, rabbit, turtle, snake, frog, lion, tiger","cat, dog, bird, fish, horse, cow, sheep, goat, deer, rabbit, turtle, snake, frog, lion, tiger",yes,15.0,1.0
c33c14ca66f10317,"dog, cat, bird, fish, horse, cow, sheep, goat, deer, rabbit, snake, turtle, frog, lion, tiger","dog, cat, bird, fish, horse, cow, sheep, goat, deer, rabbit, snake, turtle, frog, lion, tiger",yes,15.0,1.0
bfd6970592669574,"cat,dog,bird,fish,horse,cow,sheep,goat,lion,tiger,elephant,zebra,snake,monkey,rabbit","cat,dog,bird,fish,horse,cow,sheep,goat,lion,tiger,elephant,zebra,snake,monkey,rabbit",yes,15.0,1.0
971a9d160a56ebdd,"cat,dog,bird,fish,horse,cow,sheep,goat,rabbit,duck,chicken,snake,turtle,elephant,lion","cat,dog,bird,fish,horse,cow,sheep,goat,rabbit,duck,chicken,snake,turtle,elephant,lion",yes,15.0,1.0
f5282d9bf7c7a789,"dog, cat, bird, fish, horse, cow, sheep, goat, deer, rabbit, snake, turtle, frog, lion, tiger","dog, cat, bird, fish, horse, cow, sheep, goat, deer, rabbit, snake, turtle, frog, lion, tiger",yes,15.0,1.0
7137fa6c40025199,"dog, cat, bird, fish, horse, cow, sheep, goat, deer, rabbit, turtle, snake, frog, lion, tiger","dog, cat, bird, fish, horse, cow, sheep, goat, deer, rabbit, turtle, snake, frog, lion, tiger",yes,15.0,1.0
3f5cee714124527e,"cat, dog, bird, fish, horse, cow, sheep, goat, deer, rabbit, snake, turtle, frog, lion, tiger","cat, dog, bird, fish, horse, cow, sheep, goat, deer, rabbit, snake, turtle, frog, lion, tiger",yes,15.0,1.0
5a5493eb792b3be6,"dog, cat, bird, fish, horse, cow, sheep, goat, pig, deer, rabbit, snake, turtle, frog, lion","dog, cat, bird, fish, horse, cow, sheep, goat, pig, deer, rabbit, snake, turtle, frog, lion",yes,15.0,1.0
c72e46ecc063aee7,"dog, cat, bird, fish, horse, cow, sheep, goat, deer, rabbit, turtle, snake, frog, lion, tiger","dog, cat, bird, fish, horse, cow, sheep, goat, deer, rabbit, turtle, snake, frog, lion, tiger",yes,15.0,1.0
20a0eb5bfebfb66e,"cat,dog,bird,fish,horse,cow,sheep,rabbit,snake,turtle,lion,tiger,elephant,deer,fox","cat,dog,bird,fish,horse,cow,sheep,rabbit,snake,turtle,lion,tiger,elephant,deer,fox",yes,15.0,1.0
08655487b5c3f2b9,"cat, dog, bird, fish, horse, cow, sheep, goat, deer, rabbit, snake, turtle, frog, lion, tiger","cat, dog, bird, fish, horse, cow, sheep, goat, deer, rabbit, snake, turtle, frog, lion, tiger",yes,15.0,1.0
e8c7779dd0d6b1a0,"cat,dog,bird,fish,horse,cow,sheep,goat,rabbit,snake,turtle,lion,tiger,elephant,deer","cat,dog,bird,fish,horse,cow,sheep,goat,rabbit,snake,turtle,lion,tiger,elephant,deer",yes,15.0,1.0
9f7ae44b4b31fd65,"cat, dog, bird, fish, horse, cow, sheep, goat, deer, rabbit, snake, turtle, frog, lion, tiger","cat, dog, bird, fish, horse, cow, sheep, goat, deer, rabbit, snake, turtle, frog, lion, tiger",yes,15.0,1.0
9a8a77a8e6221492,"cat,dog,bird,fish,horse,cow,sheep,goat,duck,chicken,snake,turtle,rabbit,deer,fox","cat,dog,bird,fish,horse,cow,sheep,goat,duck,chicken,snake,turtle,rabbit,deer,fox",yes,15.0,1.0
fd0b7df51029544c,"dog, cat, bird, fish, horse, cow, sheep, goat, deer, rabbit, snake, turtle, frog, lion, tiger","dog, cat, bird, fish, horse, cow, sheep, goat, deer, rabbit, snake, turtle, frog, lion, tiger",yes,15.0,1.0
8eac65fb3663bc94,"dog, cat, bird, fish, horse, cow, sheep, goat, deer, rabbit, turtle, snake, frog, lion, tiger","dog, cat, bird, fish, horse, cow, sheep, goat, deer, rabbit, turtle, snake, frog, lion, tiger",yes,15.0,1.0
a485f9521d6a9fcc,"cat,dog,bird,fish,horse,cow,sheep,deer,elephant,lion,tiger,zebra,giraffe,monkey,snake","cat,dog,bird,fish,horse,cow,sheep,deer,elephant,lion,tiger,zebra,giraffe,monkey,snake",yes,15.0,1.0
845cc6bd73cc1785,"dog, cat, bird, fish, horse, cow, sheep, goat, deer, rabbit, snake, turtle, frog, lion, tiger","dog, cat, bird, fish, horse, cow, sheep, goat, deer, rabbit, snake, turtle, frog, lion, tiger",yes,15.0,1.0
e1878e6390ccd241,"cat, dog, bird, fish, horse, cow, sheep, goat, deer, rabbit, snake, turtle, frog, lion, tiger","cat, dog, bird, fish, horse, cow, sheep, goat, deer, rabbit, snake, turtle, frog, lion, tiger",yes,15.0,1.0
c42ffb52722449f8,"cat, dog, bird, fish, cow, horse, sheep, goat, deer, rabbit, snake, turtle, frog, bear, wolf","cat, dog, bird, fish, cow, horse, sheep, goat, deer, rabbit, snake, turtle, frog, bear, wolf",yes,15.0,1.0
c99637b7b940af06,"cat,dog,bird,fish,horse,cow,sheep,goat,duck,chicken,rabbit,bird,snake,turtle,horse","cat,dog,bird,fish,horse,cow,sheep,goat,duck,chicken,rabbit,bird,snake,turtle,horse",yes,13.0,0.8666666666666667
0a6290a3f09a3845,"cat,dog,bird,fish,horse,cow,sheep,goat,duck,chicken,snake,turtle,lion,tiger,elephant","cat,dog,bird,fish,horse,cow,sheep,goat,duck,chicken,snake,turtle,lion,tiger,elephant",yes,15.0,1.0
23e183a8a3b764ee,"dog, cat, bird, fish, horse, cow, sheep, goat, pig, rabbit, deer, bear, tiger, lion, elephant","dog, cat, bird, fish, horse, cow, sheep, goat, pig, rabbit, deer, bear, tiger, lion, elephant",yes,15.0,1.0
860119a954365359,"cat, dog, bird, fish, horse, cow, sheep, pig, goat, rabbit, deer, bear, tiger, lion, elephant","cat, dog, bird, fish, horse, cow, sheep, pig, goat, rabbit, deer, bear, tiger, lion, elephant",yes,15.0,1.0
4b3202b712286e4a,"elephant, lion, tiger, bear, zebra, giraffe, monkey, elephant, lion, tiger, bear, zebra, giraffe, monkey, dog","elephant, lion, tiger, bear, zebra, giraffe, monkey, elephant, lion, tiger, bear, zebra, giraffe, monkey, dog",yes,8.0,0.5333333333333333
2cfe066e7f0a42bf,"dog, cat, bird, fish, horse, cow, sheep, goat, pig, deer, rabbit, bear, tiger, lion, elephant","dog, cat, bird, fish, horse, cow, sheep, goat, pig, deer, rabbit, bear, tiger, lion, elephant",yes,15.0,1.0
5784abc2212311e6,"dog, cat, bird, fish, horse, cow, sheep, goat, pig, deer, rabbit, snake, turtle, frog, bear","dog, cat, bird, fish, horse, cow, sheep, goat, pig, deer, rabbit, snake, turtle, frog, bear",yes,15.0,1.0
0d3a8f039b3d7773,"lion,tiger,bear,bull,cow,dog,cat,fox,rabbit,deer,elephant,giraffe,zebra,horse,monkey","lion,tiger,bear,bull,cow,dog,cat,fox,rabbit,deer,elephant,giraffe,zebra,horse,monkey",yes,15.0,1.0
896e45dc31afce47,"cat,dog,bird,fish,snake,monkey,elephant,hippopotamus,tiger,lion,bear,zebra,giraffe,deer,fox","cat,dog,bird,fish,snake,monkey,elephant,hippopotamus,tiger,lion,bear,zebra,giraffe,deer,fox",yes,15.0,1.0
7be539a818787310,"cat,dog,bird,fish,snake,elephant,zebra,lion,tiger,bear,butterfly,bee,shark,whale,fox","cat,dog,bird,fish,snake,elephant,zebra,lion,tiger,bear,butterfly,bee,shark,whale,fox",yes,15.0,1.0
2e2bca8caef1f0cd,"lion,tiger,bear,cheetah,elephant,giraffe,zebra,horse,monkey,kangaroo,dolphin,whale,seal,octopus,shark","lion,tiger,bear,cheetah,elephant,giraffe,zebra,horse,monkey,kangaroo,dolphin,whale,seal,octopus,shark",yes,15.0,1.0
bfca85dcb6c28b06,"elephant, lion, tiger, bear, zebra, giraffe, monkey, elephant, zebra, tiger, bear, lion, monkey, giraffe, wolf","elephant, lion, tiger, bear, zebra, giraffe, monkey, elephant, zebra, tiger, bear, lion, monkey, giraffe, wolf",yes,8.0,0.5333333333333333
0c148d6c7cde351f,"dog, cat, bird, horse, cow, sheep, pig, goat, rabbit, deer, bear, elephant, lion, tiger, zebra","dog, cat, bird, horse, cow, sheep, pig, goat, rabbit, deer, bear, elephant, lion, tiger, zebra",yes,15.0,1.0
16d73b0e69e7c8f8,"dog,cat,bird,fish,rabbit,mouse,horse,donkey,sheep,goat,cow,pig,lion,tiger,zebra","dog,cat,bird,fish,rabbit,mouse,horse,donkey,sheep,goat,cow,pig,lion,tiger,zebra",yes,15.0,1.0
7e3e708779cce5f0,"cat,dog,bird,fish,rabbit,raccoon,bear,deer,monkey,elephant,tiger,lion,zebra,cow,pig,horse","cat,dog,bird,fish,rabbit,raccoon,bear,deer,monkey,elephant,tiger,lion,zebra,cow,pig,horse",yes,16.0,1.0
77b66a13657d4138,"elephant, lion, tiger, bear, zebra, giraffe, crocodile, kangaroo, penguin, dolphin, whale, snake, monkey, rabbit, bird","elephant, lion, tiger, bear, zebra, giraffe, crocodile, kangaroo, penguin, dolphin, whale, snake, monkey, rabbit, bird",yes,15.0,1.0
0756f8f887591188,"dog,cat,bird,fish,rabbit,horse,mouse,lion,tiger,elephant,zebra,cow,pig,chicken,sheep","dog,cat,bird,fish,rabbit,horse,mouse,lion,tiger,elephant,zebra,cow,pig,chicken,sheep",yes,15.0,1.0
dd29f0af30c2b17c,"lions,tigers,bears,birds,fish,elephants,monkeys,zebras,deer,dogs,cats,foxes,wolves,snakes,hamsters","lions,tigers,bears,birds,fish,elephants,monkeys,zebras,deer,dogs,cats,foxes,wolves,snakes,hamsters",yes,15.0,1.0
2c3ae213716f612a,"cat, dog, bird, fish, horse, cow, sheep, goat, pig, deer, bear, tiger, lion, elephant, zebra","cat, dog, bird, fish, horse, cow, sheep, goat, pig, deer, bear, tiger, lion, elephant, zebra",yes,15.0,1.0
50efcf9bc52b713c,"cat, dog, bird, fish, cow, horse, sheep, goat, pig, deer, bear, tiger, lion, elephant, zebra","cat, dog, bird, fish, cow, horse, sheep, goat, pig, deer, bear, tiger, lion, elephant, zebra",yes,15.0,1.0
2161942e52a23578,"cat,dog,bird,fish,snake,elephant,tiger,lion,bear,monkey,zebra,hippopotamus,koala,deer,fox","cat,dog,bird,fish,snake,elephant,tiger,lion,bear,monkey,zebra,hippopotamus,koala,deer,fox",yes,15.0,1.0
1f39e9e369bf45dd,"elephant, lion, tiger, bear, zebra, giraffe, monkey, kangaroo, dolphin, whale, penguin, snake, rabbit, wolf, deer","elephant, lion, tiger, bear, zebra, giraffe, monkey, kangaroo, dolphin, whale, penguin, snake, rabbit, wolf, deer",yes,15.0,1.0
962a612238eccf99,"cat,dog,bird,fish,rabbit,squirrel,elephant,lion,tiger,bear,buffalo,cow,pig,horse,chicken","cat,dog,bird,fish,rabbit,squirrel,elephant,lion,tiger,bear,buffalo,cow,pig,horse,chicken",yes,15.0,1.0
9efd1afa572715be,"lion,tiger,bear,bird,fish,snake,dog,cat,elephant,deer,rabbit,monkey,whale,cow,sheep","lion,tiger,bear,bird,fish,snake,dog,cat,elephant,deer,rabbit,monkey,whale,cow,sheep",yes,15.0,1.0
0cd8c1bc060716fe,"dog,cat,bird,fish,rabbit,mouse,horse,donkey,sheep,goat,cow,pig,lion,tiger,elephant","dog,cat,bird,fish,rabbit,mouse,horse,donkey,sheep,goat,cow,pig,lion,tiger,elephant",yes,15.0,1.0
9b706a401405cc89,"dog, cat, bird, fish, horse, cow, sheep, pig, rabbit, deer, bear, tiger, lion, elephant, zebra","dog, cat, bird, fish, horse, cow, sheep, pig, rabbit, deer, bear, tiger, lion, elephant, zebra",yes,15.0,1.0
008a0295237bc03c,"dog, cat, bird, fish, horse, cow, sheep, goat, pig, rabbit, deer, bear, tiger, lion, elephant","dog, cat, bird, fish, horse, cow, sheep, goat, pig, rabbit, deer, bear, tiger, lion, elephant",yes,15.0,1.0
cbd00532eb87dba7,"cat,dog,bird,fish,snake,elephant,tiger,lion,monkey,zebra,hippopotamus,giraffe,cheetah,deer,bear","cat,dog,bird,fish,snake,elephant,tiger,lion,monkey,zebra,hippopotamus,giraffe,cheetah,deer,bear",yes,15.0,1.0
ffcb2076b2a0402d,"cat, dog, bird, fish, horse, cow, sheep, goat, pig, deer, bear, lion, tiger, elephant, zebra","cat, dog, bird, fish, horse, cow, sheep, goat, pig, deer, bear, lion, tiger, elephant, zebra",yes,15.0,1.0
ae6a211d4f7a3e0a,"cat, dog, bird, fish, horse, cow, sheep, goat, pig, rabbit, deer, bear, lion, tiger, elephant","cat, dog, bird, fish, horse, cow, sheep, goat, pig, rabbit, deer, bear, lion, tiger, elephant",yes,15.0,1.0
cee5fb5d412bb213,"cat, dog, bird, fish, cow, horse, sheep, pig, goat, deer, rabbit, snake, turtle, bear, lion","cat, dog, bird, fish, cow, horse, sheep, pig, goat, deer, rabbit, snake, turtle, bear, lion",yes,15.0,1.0
5f6d782b10aeeffe,"dog, cat, bird, fish, horse, cow, sheep, goat, pig, deer, rabbit, snake, turtle, bear, wolf","dog, cat, bird, fish, horse, cow, sheep, goat, pig, deer, rabbit, snake, turtle, bear, wolf",yes,15.0,1.0
6c11c546ebbe389b,"cat,dog,bird,fish,snake,elephant,hippopotamus,tiger,lion,zebra,giraffe,monkey,deer,fox,bird","cat,dog,bird,fish,snake,elephant,hippopotamus,tiger,lion,zebra,giraffe,monkey,deer,fox,bird",yes,14.0,0.9333333333333333
12f77e67b04c3d67,"cat,dog,bird,fish,snake,elephant,monkey,zebra,lion,tiger,bird,deer,horse,duck,bee","cat,dog,bird,fish,snake,elephant,monkey,zebra,lion,tiger,bird,deer,horse,duck,bee",yes,14.0,0.9333333333333333
e5807248bb187728,"dog, cat, bird, fish, horse, cow, sheep, goat, pig, rabbit, deer, bear, tiger, lion, elephant","dog, cat, bird, fish, horse, cow, sheep, goat, pig, rabbit, deer, bear, tiger, lion, elephant",yes,15.0,1.0
fecca9fe280b3d0e,"cat,dog,bird,fish,snake,elephant,lion,tiger,zebra,monkey,deer,duck,rabbit,bear,fox","cat,dog,bird,fish,snake,elephant,lion,tiger,zebra,monkey,deer,duck,rabbit,bear,fox",yes,15.0,1.0
66af74e04cd420e3,"dog,cat,bird,fish,rabbit,mouse,horse,donkey,zebra,elephant,lion,tiger,bear,shark,cow","dog,cat,bird,fish,rabbit,mouse,horse,donkey,zebra,elephant,lion,tiger,bear,shark,cow",yes,15.0,1.0
da01fcab124f6d4c,"dog,cat,bird,fish,rabbit,squirrel,duck,deer,mouse,snake,spider,monkey,tiger,lion,elephant","dog,cat,bird,fish,rabbit,squirrel,duck,deer,mouse,snake,spider,monkey,tiger,lion,elephant",yes,15.0,1.0
33517136da0a38ec,"cat, dog, bird, fish, cow, horse, sheep, goat, pig, deer, elephant, tiger, lion, bear, wolf","cat, dog, bird, fish, cow, horse, sheep, goat, pig, deer, elephant, tiger, lion, bear, wolf",yes,15.0,1.0
6b61cff8ae1c1623,"cat,dog,bird,fish,snake,elephant,hippo,tiger,lion,zebra,monkey,deer,duck,rabbit,bear","cat,dog,bird,fish,snake,elephant,hippo,tiger,lion,zebra,monkey,deer,duck,rabbit,bear",yes,15.0,1.0
49f1bc3262db7cb2,"cat,dog,bird,fish,snake,elephant,monkey,tiger,lion,zebra,hippopotamus,giraffe,monkey,deer,fox","cat,dog,bird,fish,snake,elephant,monkey,tiger,lion,zebra,hippopotamus,giraffe,monkey,deer,fox",yes,14.0,0.9333333333333333
0bb21389412211c9,"dog,cat,bird,fish,rabbit,mouse,horse,donkey,cow,pig,sheep,giraffe,zebra,lion,tiger","dog,cat,bird,fish,rabbit,mouse,horse,donkey,cow,pig,sheep,giraffe,zebra,lion,tiger",yes,15.0,1.0
c0ec6cf07923d1a4,"cat,dog,bird,fish,snake,elephant,monkey,tiger,lion,zebra,hippopotamus,deer,duck,owl,bear","cat,dog,bird,fish,snake,elephant,monkey,tiger,lion,zebra,hippopotamus,deer,duck,owl,bear",yes,15.0,1.0
a441bf6e4aac2320,"dog,cat,bird,fish,rabbit,mouse,snake,lion,tiger,zebra,horse,donkey,sheep,cow,pig,i don’t know","dog,cat,bird,fish,rabbit,mouse,snake,lion,tiger,zebra,horse,donkey,sheep,cow,pig",edit,15.0,1.0
3c3c590f82700da4,"cat,dog,bird,fish,rabbit,rat,mouse,snake,lion,tiger,bear,monkey,elephant,zebra,cow","cat,dog,bird,fish,rabbit,rat,mouse,snake,lion,tiger,bear,monkey,elephant,zebra,cow",yes,15.0,1.0
a533a03c3bd4f1d8,"dog,cat,bird,fish,rabbit,squirrel,mouse,deer,elephant,lion,tiger,bear,cow,pig,horse","dog,cat,bird,fish,rabbit,squirrel,mouse,deer,elephant,lion,tiger,bear,cow,pig,horse",yes,15.0,1.0
79bbc29022d940f6,"cat,dog,bird,fish,snake,elephant,zebra,lion,tiger,bear,monkey,deer,rabbit,duck,owl","cat,dog,bird,fish,snake,elephant,zebra,lion,tiger,bear,monkey,deer,rabbit,duck,owl",yes,15.0,1.0
81d20cfba9a33e39,"cat,dog,bird,fish,snake,elephant,monkey,tiger,lion,bear,zebra,hippopotamus,deer,rabbit,fox","cat,dog,bird,fish,snake,elephant,monkey,tiger,lion,bear,zebra,hippopotamus,deer,rabbit,fox",yes,15.0,1.0
63681a7355cbc27c,"elephant, lion, tiger, bear, giraffe, zebra, crocodile, kangaroo, penguin, dolphin, whale, snake, monkey, rabbit, bird","elephant, lion, tiger, bear, giraffe, zebra, crocodile, kangaroo, penguin, dolphin, whale, snake, monkey, rabbit, bird",yes,15.0,1.0
7264fcf8b370e3a7,"cat, dog, bird, fish, horse, cow, sheep, goat, pig, elephant, tiger, lion, bear, deer, snake","cat, dog, bird, fish, horse, cow, sheep, goat, pig, elephant, tiger, lion, bear, deer, snake",yes,15.0,1.0
dbf9fa58106587a7,"dog, cat, bird, fish, horse, cow, sheep, goat, pig, rabbit, deer, bear, tiger, lion, elephant","dog, cat, bird, fish, horse, cow, sheep, goat, pig, rabbit, deer, bear, tiger, lion, elephant",yes,15.0,1.0
19b1d7d0d27ea129,"dog, cat, bird, fish, horse, cow, sheep, goat, pig, rabbit, deer, bear, lion, tiger, elephant","dog, cat, bird, fish, horse, cow, sheep, goat, pig, rabbit, deer, bear, lion, tiger, elephant",yes,15.0,1.0
7163f2b084889926,"cat, dog, bird, fish, horse, cow, sheep, pig, elephant, lion, tiger, bear, zebra, giraffe, monkey","cat, dog, bird, fish, horse, cow, sheep, pig, elephant, lion, tiger, bear, zebra, giraffe, monkey",yes,15.0,1.0
4b06165225acd9bb,"cat, dog, bird, fish, cow, horse, sheep, goat, pig, elephant, tiger, lion, bear, deer, snake","cat, dog, bird, fish, cow, horse, sheep, goat, pig, elephant, tiger, lion, bear, deer, snake",yes,15.0,1.0
ec363af8842ac3ec,"dog,cat,bird,fish,rabbit,raccoon,deer,monkey,lion,tiger,bear,elephant,giraffe,zebra,horse","dog,cat,bird,fish,rabbit,raccoon,deer,monkey,lion,tiger,bear,elephant,giraffe,zebra,horse",yes,15.0,1.0
3ab90a4a5b3b459b,"elephant, lion, tiger, bear, giraffe, zebra, monkey, kangaroo, dolphin, whale, shark, penguin, snake, rabbit, bird","elephant, lion, tiger, bear, giraffe, zebra, monkey, kangaroo, dolphin, whale, shark, penguin, snake, rabbit, bird",yes,15.0,1.0
ee41baa46ab7f5be,"dog, cat, bird, fish, horse, cow, sheep, pig, goat, rabbit, deer, bear, tiger, elephant, lion","dog, cat, bird, fish, horse, cow, sheep, pig, goat, rabbit, deer, bear, tiger, elephant, lion",yes,15.0,1.0
98596ace45ba1644,"cat,dog,bird,fish,rabbit,squirrel,elephant,lion,tiger,bear,bird,eagle,cow,pig,horse","cat,dog,bird,fish,rabbit,squirrel,elephant,lion,tiger,bear,bird,eagle,cow,pig,horse",yes,14.0,0.9333333333333333
df328a5e5c041cc5,"dog,cat,bird,fish,rabbit,rat,mouse,lion,tiger,bear,bull,cow,deer,snake,eagle","dog,cat,bird,fish,rabbit,rat,mouse,lion,tiger,bear,bull,cow,deer,snake,eagle",yes,15.0,1.0
187baf5ccb217050,"elephant, lion, tiger, bear, deer, zebra, giraffe, monkey, kangaroo, dolphin, whale, snake, bird, rabbit, horse","elephant, lion, tiger, bear, deer, zebra, giraffe, monkey, kangaroo, dolphin, whale, snake, bird, rabbit, horse",yes,15.0,1.0
635315c809b0f27a,"elephant, giraffe, zebra, lion, tiger, bear, wolf, deer, monkey, elephant, snake, bird, fish, dog, cat","elephant, giraffe, zebra, lion, tiger, bear, wolf, deer, monkey, elephant, snake, bird, fish, dog, cat",yes,14.0,0.9333333333333333
bd2be24455cc817c,"dog, cat, bird, fish, horse, cow, sheep, pig, deer, bear, elephant, lion, tiger, zebra, monkey","dog, cat, bird, fish, horse, cow, sheep, pig, deer, bear, elephant, lion, tiger, zebra, monkey",yes,15.0,1.0
24f4e3beea47029f,"dog,cat,bird,fish,rabbit,squirrel,deer,eagle,lion,tiger,bear,cow,pig,horse,chicken","dog,cat,bird,fish,rabbit,squirrel,deer,eagle,lion,tiger,bear,cow,pig,horse,chicken",yes,15.0,1.0
33ed672f9d40ec98,"cat, dog, bird, fish, horse, cow, sheep, goat, pig, deer, bear, tiger, lion, elephant, zebra","cat, dog, bird, fish, horse, cow, sheep, goat, pig, deer, bear, tiger, lion, elephant, zebra",yes,15.0,1.0
fdcfe3b16152f1a1,"dog, cat, bird, fish, horse, cow, sheep, pig, goat, deer, elephant, tiger, lion, bear, snake","dog, cat, bird, fish, horse, cow, sheep, pig, goat, deer, elephant, tiger, lion, bear, snake",yes,15.0,1.0
d74734acf9f88e1f,"elephant, lion, tiger, bear, deer, zebra, giraffe, monkey, elephant, whale, dolphin, snake, bird, rabbit, cat","elephant, lion, tiger, bear, deer, zebra, giraffe, monkey, elephant, whale, dolphin, snake, bird, rabbit, cat",yes,14.0,0.9333333333333333
ba35286c22ef0e7e,"dog,cat,bird,fish,rabbit,squirrel,elephant,tiger,lion,bear,bird,monkey,deer,cow,pig,i don’t know","dog,cat,bird,fish,rabbit,squirrel,elephant,tiger,lion,bear,bird,monkey,deer,cow,pig",edit,14.0,0.9333333333333333
73151ea643d99032,"cat, dog, bird, fish, horse, cow, sheep, pig, elephant, giraffe, zebra, lion, tiger, bear, deer","cat, dog, bird, fish, horse, cow, sheep, pig, elephant, giraffe, zebra, lion, tiger, bear, deer",yes,15.0,1.0
03a66d2d2ccee309,"dog,cat,bird,fish,rabbit,rat,mouse,lion,tiger,bear,bull,elephant,giraffe,zebra,horse","dog,cat,bird,fish,rabbit,rat,mouse,lion,tiger,bear,bull,elephant,giraffe,zebra,horse",yes,15.0,1.0
5ed2b42d02952cd7,"dog,cat,bird,fish,rabbit,rat,mouse,lion,tiger,zebra,giraffe,elephant,monkey,snake,chicken","dog,cat,bird,fish,rabbit,rat,mouse,lion,tiger,zebra,giraffe,elephant,monkey,snake,chicken",yes,15.0,1.0
dbdd1a4867ca9932,"cat,dog,bird,fish,snake,monkey,elephant,tiger,lion,zebra,hippopotamus,giraffe,monkey,deer,duck","cat,dog,bird,fish,snake,monkey,elephant,tiger,lion,zebra,hippopotamus,giraffe,monkey,deer,duck",yes,14.0,0.9333333333333333
c69f8c83fd7f4cc6,"elephant, lion, tiger, bear, giraffe, zebra, monkey, dolphin, shark, whale, snake, bird, rabbit, deer, horse","elephant, lion, tiger, bear, giraffe, zebra, monkey, dolphin, shark, whale, snake, bird, rabbit, deer, horse",yes,15.0,1.0
af43910df5ffab34,i don’t know.,i don’t know.,no,0.0,0.0
d114cad7bfe72b23,"dog,cat,bird,fish,rabbit,rat,squirrel,mouse,lion,tiger,elephant,giraffe,zebra,horse,cow","dog,cat,bird,fish,rabbit,rat,squirrel,mouse,lion,tiger,elephant,giraffe,zebra,horse,cow",yes,15.0,1.0
844ecbf955462354,i don’t know.,i don’t know.,no,0.0,0.0
8de760d3fc4e4ee2,i don’t know,i don’t know,no,0.0,0.0
1a50c0d46366469c,"dog,cat,bird,fish,rabbit,raccoon,squirrel,deer,eagle,lion,tiger,bear,monkey,zebra,whale,i don’t know","dog,cat,bird,fish,rabbit,raccoon,squirrel,deer,eagle,lion,tiger,bear,monkey,zebra,whale,",edit,15.0,1.0
252b57ebaed7b109,"elephant, tiger, lion, bear, giraffe, zebra, crocodile, kangaroo, koala, dolphin, whale, penguin, snake, rabbit, deer","elephant, tiger, lion, bear, giraffe, zebra, crocodile, kangaroo, koala, dolphin, whale, penguin, snake, rabbit, deer",yes,15.0,1.0
abca566961b17630,"elephant, lion, tiger, bear, zebra, giraffe, cheetah, wolf, bear, deer, fox, rabbit, snake, bird, cat","elephant, lion, tiger, bear, zebra, giraffe, cheetah, wolf, bear, deer, fox, rabbit, snake, bird, cat",yes,14.0,0.9333333333333333
4d7499739ad68267,"lion, tiger, bear, elephant, giraffe, zebra, wolf, bear, deer, fox, rabbit, snake, bird, fish, horse","lion, tiger, bear, elephant, giraffe, zebra, wolf, bear, deer, fox, rabbit, snake, bird, fish, horse",yes,14.0,0.9333333333333333
db09fbd1984461ef,"lion, tiger, bear, elephant, zebra, giraffe, cheetah, wolf, bear, deer, snake, rabbit, frog, bird, cat, dog, horse, cow, sheep, goat, duck, fish, monkey, bear, bear, bear, bear, bear, bear, bear, bear, bear, bear, bear, bear, bear, bear, bear, bear, bear, bear, bear, bear, bear, bear, bear, bear, bear, bear, bear, bear, bear, bear, bear, bear, bear, bear, bear, bear, bear, bear, bear, bear, bear, bear, bear, bear, bear, bear, bear, bear, bear, bear, bear, bear, bear, bear, bear, bear, bear, bear, bear, bear, bear, bear, bear, bear, bear, bear, bear, bear, bear, bear, bear, bear, bear, bear, bear, bear, bear, bear, bear, bear, bear, bear, bear, bear, bear, bear, bear, bear, bear, bear, bear, bear, bear, bear, bear, bear, bear, bear, bear, bear, bear, bear, bear, bear, bear, bear, bear, bear, bear, bear, bear, bear, bear, bear, bear, bear, bear, bear, bear, bear, bear, bear, bear, bear, bear, bear, bear, bear, bear, bear, bear, bear, bear, bear, bear, bear, bear, bear, bear, bear, bear, bear, bear, bear, bear, bear, bear, bear, bear, bear, bear, bear, bear, bear, bear, bear, bear, bear, bear, bear, bear, bear, bear, bear, bear, bear, bear, bear, bear, bear, bear, bear, bear, bear, bear, bear, bear, bear, bear, bear, bear, bear, bear, bear, bear, bear, bear, bear, bear, bear, bear, bear, bear, bear, bear, bear, bear, bear, bear, bear, bear, bear, bear, bear, bear, bear, bear, bear, bear, bear, bear, bear, bear, bear, bear, bear, bear, bear, bear, bear, bear, bear, bear, bear, bear, bear, bear, bear, bear, bear, bear, bear, bear, bear, bear, bear, bear, bear, bear, bear, bear, bear, bear, bear, bear, bear, bear, bear, bear, bear, bear, bear, bear, bear, bear, bear, bear, bear, bear, bear, bear, bear, bear, bear, bear, bear, bear, bear, bear, bear, bear, bear, bear, bear, bear, bear, bear, bear, bear, bear, bear, bear, bear, bear, bear, bear, bear, bear, bear, bear, bear, bear, bear, bear, bear, bear, bear, bear, bear, bear, bear, bear, bear, bear, bear, bear, bear, bear, bear, bear, bear, bear, bear, bear, bear, bear, bear, bear, bear, bear, bear, bear, bear, bear, bear, bear, bear, bear, bear, bear, bear, bear, bear, bear, bear, bear, bear, bear, bear, bear, bear, bear, bear, bear, bear, bear, bear, bear, bear, bear, bear, bear, bear, bear, bear, bear, bear, bear, bear, bear, bear, bear, bear, bear, bear, bear, bear, bear, bear, bear, bear, bear, bear, bear, bear, bear, bear, bear, bear, bear, bear, bear, bear, bear, bear, bear, bear, bear, bear, bear, bear, bear, bear, bear, bear, bear, bear, bear, bear, bear, bear, bear, bear, bear, bear, bear, bear, bear, bear, bear, bear, bear, bear, bear, bear, bear, bear, bear, bear, bear, bear, bear, bear, bear, bear, bear, bear, bear, bear, bear, bear, bear, bear, bear, bear, bear, bear, bear, bear, bear, bear, bear, bear, bear, bear, bear, bear, bear, bear, bear, bear, bear, bear, bear, bear, bear, bear, bear, bear, bear, bear, bear, bear, bear, bear, bear, bear, bear, bear, bear, bear, bear, bear, bear, bear, bear, bear, bear, bear, bear, bear, bear, bear, bear, bear, bear, bear","lion, tiger, bear, elephant, zebra, giraffe, cheetah, wolf, bear, deer, snake, rabbit, frog, bird, cat, dog, horse, cow, sheep, goat, duck, fish, monkey, bear,",edit,22.0,0.9166666666666666
86909dcc208525cf,"lions,tigers,bears,bunnies,rabbits,dolphins,whales,elephants,giraffes,zebra,cheetahs,monkeys,snakes,eagles,sharks","lions,tigers,bears,bunnies,rabbits,dolphins,whales,elephants,giraffes,zebra,cheetahs,monkeys,snakes,eagles,sharks",yes,15.0,1.0
3e150e344fe66ce3,"elephant, lion, tiger, bear, giraffe, zebra, crocodile, kangaroo, penguin, dolphin, whale, snake, monkey, rabbit, deer","elephant, lion, tiger, bear, giraffe, zebra, crocodile, kangaroo, penguin, dolphin, whale, snake, monkey, rabbit, deer",yes,15.0,1.0
b41710571d28bc74,"elephant, lion, tiger, bear, zebra, giraffe, crocodile, kangaroo, penguin, wolf, bear, snake, monkey, dolphin, whale","elephant, lion, tiger, bear, zebra, giraffe, crocodile, kangaroo, penguin, wolf, bear, snake, monkey, dolphin, whale",yes,14.0,0.9333333333333333
f36ac02295a3a66a,"elephant, lion, tiger, bear, zebra, giraffe, crocodile, kangaroo, dolphin, whale, penguin, snake, rabbit, deer, fox","elephant, lion, tiger, bear, zebra, giraffe, crocodile, kangaroo, dolphin, whale, penguin, snake, rabbit, deer, fox",yes,15.0,1.0
c54d421f70ba5ca5,"lion, tiger, bear, elephant, giraffe, zebra, cheetah, wolf, bear, deer, fox, raccoon, skunk, owl, snake","lion, tiger, bear, elephant, giraffe, zebra, cheetah, wolf, bear, deer, fox, raccoon, skunk, owl, snake",yes,14.0,0.9333333333333333
f2725243a6af06bc,"lion, tiger, bear, elephant, giraffe, zebra, cheetah, wolf, bear, deer, fox, raccoon, skunk, owl, snake","lion, tiger, bear, elephant, giraffe, zebra, cheetah, wolf, bear, deer, fox, raccoon, skunk, owl, snake",yes,14.0,0.9333333333333333
1546ae3424c8d381,"cow, horse, sheep, pig, chicken, duck, goat, rabbit, deer, bear, wolf, tiger, lion, elephant, zebra","cow, horse, sheep, pig, chicken, duck, goat, rabbit, deer, bear, wolf, tiger, lion, elephant, zebra",yes,15.0,1.0
0ecbe41a18307025,"lions,tigers,bears,birds,elephants,zebras,monkeys,koalas,hippos,snakes,elephants,zebras,monkeys,koalas,hippos","lions,tigers,bears,birds,elephants,zebras,monkeys,koalas,hippos,snakes,elephants,zebras,monkeys,koalas,hippos",yes,10.0,0.6666666666666666
b526db8602d047e0,"lions,tigers,bears,bunnies,rabbits,dogs,cats,foxes,wolves,elephants,giraffes,zebra,horse,cow,sheep","lions,tigers,bears,bunnies,rabbits,dogs,cats,foxes,wolves,elephants,giraffes,zebra,horse,cow,sheep",yes,15.0,1.0
fe8b444021990a84,"elephant, lion, tiger, bear, zebra, giraffe, monkey, kangaroo, snake, crocodile, dolphin, whale, penguin, wolf, bear, i don’t know.","elephant, lion, tiger, bear, zebra, giraffe, monkey, kangaroo, snake, crocodile, dolphin, whale, penguin, wolf, bear, ",edit,14.0,0.9333333333333333
0835eb078a2fa15e,"bear, deer, wolf, fox, bear, rabbit, squirrel, moose, bear, bear, bear, bear, bear, bear, bear","bear, deer, wolf, fox, bear, rabbit, squirrel, moose, bear, bear, bear, bear, bear, bear, bear",yes,7.0,0.4666666666666667
4895af4c0bf521f3,"lions,tigers,bears,bunnies,rabbits,cats,dogs,horses,cows,sheep,deer,elephants,giraffes,zebra,monkeys,i don’t know.","lions,tigers,bears,bunnies,rabbits,cats,dogs,horses,cows,sheep,deer,elephants,giraffes,zebra,monkeys,",edit,15.0,1.0
2cf1ee89fb0f8648,"lions,tigers,bears,bunnies,rabbits,elephants,giraffes,zebra,cheetahs,hummingbirds,penguins,wolves,dogs,cats,foxes","lions,tigers,bears,bunnies,rabbits,elephants,giraffes,zebra,cheetahs,hummingbirds,penguins,wolves,dogs,cats,foxes",yes,15.0,1.0
9b0e7c4a3bc187b0,"lions,tigers,bears,birds,elephants,zebras,monkeys,koalas,hippos,snakes,elephants,zebras,monkeys,koalas,hippos","lions,tigers,bears,birds,elephants,zebras,monkeys,koalas,hippos,snakes,elephants,zebras,monkeys,koalas,hippos",yes,10.0,0.6666666666666666
06d3243ea49f003d,"lions,tigers,bears,birds,elephants,monkeys,zebras,hippos,koalas,foxes,wolves,deer,snakes,elephants,zebras","lions,tigers,bears,birds,elephants,monkeys,zebras,hippos,koalas,foxes,wolves,deer,snakes,elephants,zebras",yes,13.0,0.8666666666666667
6874bddcd286e933,"elephant, giraffe, lion, tiger, bear, zebra, kangaroo, crocodile, dolphin, whale, penguin, eagle, wolf, snake, rabbit","elephant, giraffe, lion, tiger, bear, zebra, kangaroo, crocodile, dolphin, whale, penguin, eagle, wolf, snake, rabbit",yes,15.0,1.0
e923a74326b19c11,"lions,tigers,bears,bunnies,elephants,giraffes,zebras,monkeys,hippos,koalas,foxes,wolves,deer,ducks,snakes","lions,tigers,bears,bunnies,elephants,giraffes,zebras,monkeys,hippos,koalas,foxes,wolves,deer,ducks,snakes",yes,15.0,1.0
defd4cd3b12a58df,"lion, tiger, bear, elephant, giraffe, zebra, cheetah, wolf, bear, deer, snake, monkey, rabbit, bird, fish","lion, tiger, bear, elephant, giraffe, zebra, cheetah, wolf, bear, deer, snake, monkey, rabbit, bird, fish",yes,14.0,0.9333333333333333
7ce41d53535f173f,"lion,tiger,bear,bird,elephant,dolphin,shark,deer,rabbit,snake,cheetah,monkey,zebra,horse,cow,i don’t know","lion,tiger,bear,bird,elephant,dolphin,shark,deer,rabbit,snake,cheetah,monkey,zebra,horse,cow",edit,15.0,1.0
8294dbafc136dedf,"elephant, tiger, lion, bear, zebra, giraffe, wolf, bear, deer, snake, monkey, kangaroo, dolphin, whale, bird, i don’t know.","elephant, tiger, lion, bear, zebra, giraffe, wolf, bear, deer, snake, monkey, kangaroo, dolphin, whale, bird",edit,14.0,0.9333333333333333
90d80625018427ae,"elephant, tiger, lion, bear, zebra, giraffe, cheetah, wolf, bear, snake, monkey, elephant, deer, kangaroo, dolphin","elephant, tiger, lion, bear, zebra, giraffe, cheetah, wolf, bear, snake, monkey, elephant, deer, kangaroo, dolphin",yes,13.0,0.8666666666666667
da685f226197909a,"dog, cat, bird, fish, horse, cow, sheep, pig, deer, rabbit, bear, tiger, lion, elephant, zebra","dog, cat, bird, fish, horse, cow, sheep, pig, deer, rabbit, bear, tiger, lion, elephant, zebra",yes,15.0,1.0
20cc49e6f2d73b19,"dog, cat, bird, fish, horse, cow, sheep, goat, pig, deer, rabbit, bear, tiger, lion, elephant","dog, cat, bird, fish, horse, cow, sheep, goat, pig, deer, rabbit, bear, tiger, lion, elephant",yes,15.0,1.0
56063fb764c75ae0,"dog, cat, bird, fish, horse, cow, sheep, goat, pig, deer, rabbit, bear, wolf, lion, tiger","dog, cat, bird, fish, horse, cow, sheep, goat, pig, deer, rabbit, bear, wolf, lion, tiger",yes,15.0,1.0
822e7bc22251b9a2,"dog, cat, bird, fish, horse, cow, sheep, goat, pig, deer, rabbit, bear, tiger, lion, elephant","dog, cat, bird, fish, horse, cow, sheep, goat, pig, deer, rabbit, bear, tiger, lion, elephant",yes,15.0,1.0
f7b75d241b4a0253,"dog, cat, bird, fish, horse, cow, sheep, goat, pig, rabbit, deer, bear, wolf, lion, tiger","dog, cat, bird, fish, horse, cow, sheep, goat, pig, rabbit, deer, bear, wolf, lion, tiger",yes,15.0,1.0
73a1a166f868eeec,"dog, cat, bird, fish, horse, cow, sheep, goat, pig, donkey, elephant, tiger, lion, bear, deer","dog, cat, bird, fish, horse, cow, sheep, goat, pig, donkey, elephant, tiger, lion, bear, deer",yes,15.0,1.0
6ab6bdc80101c38e,"dog, cat, bird, fish, horse, cow, sheep, goat, pig, deer, rabbit, bear, elephant, lion, tiger","dog, cat, bird, fish, horse, cow, sheep, goat, pig, deer, rabbit, bear, elephant, lion, tiger",yes,15.0,1.0
34f8ee44074f85af,"dog, cat, bird, fish, horse, cow, sheep, goat, pig, deer, rabbit, bear, tiger, lion, elephant","dog, cat, bird, fish, horse, cow, sheep, goat, pig, deer, rabbit, bear, tiger, lion, elephant",yes,15.0,1.0
68e36f1138ec058c,"dog,cat,bird,fish,rabbit,mouse,horse,donkey,sheep,goat,cow,pig,chicken,snake,lion","dog,cat,bird,fish,rabbit,mouse,horse,donkey,sheep,goat,cow,pig,chicken,snake,lion",yes,15.0,1.0
6d5136127f367973,"dog, cat, bird, fish, horse, cow, sheep, pig, goat, donkey, elephant, tiger, lion, bear, deer","dog, cat, bird, fish, horse, cow, sheep, pig, goat, donkey, elephant, tiger, lion, bear, deer",yes,15.0,1.0
62ede2259219000f,"dog, cat, bird, horse, cow, sheep, goat, pig, deer, rabbit, bear, lion, tiger, elephant, zebra","dog, cat, bird, horse, cow, sheep, goat, pig, deer, rabbit, bear, lion, tiger, elephant, zebra",yes,15.0,1.0
4c1989454ed28c01,"birds, dogs, cats, horses, cows, sheep, pigs, chickens, elephants, lions, tigers, bears, snakes, frogs, whales","birds, dogs, cats, horses, cows, sheep, pigs, chickens, elephants, lions, tigers, bears, snakes, frogs, whales",yes,15.0,1.0
a4dd9cb08d2bb183,"dog, cat, bird, fish, horse, cow, sheep, goat, pig, deer, rabbit, snake, turtle, frog, bear","dog, cat, bird, fish, horse, cow, sheep, goat, pig, deer, rabbit, snake, turtle, frog, bear",yes,15.0,1.0
238d407b63554ec7,"elephant, giraffe, zebra, lion, tiger, bear, wolf, deer, monkey, elephant, snake, crocodile, penguin, dolphin, whale","elephant, giraffe, zebra, lion, tiger, bear, wolf, deer, monkey, elephant, snake, crocodile, penguin, dolphin, whale",yes,14.0,0.9333333333333333
a39f725d34e2d0b5,"dog, cat, bird, fish, horse, cow, sheep, goat, pig, rabbit, deer, bear, tiger, lion, elephant","dog, cat, bird, fish, horse, cow, sheep, goat, pig, rabbit, deer, bear, tiger, lion, elephant",yes,15.0,1.0
ca843b09d9b9dae5,"dog, cat, bird, fish, horse, cow, sheep, goat, pig, deer, rabbit, bear, tiger, lion, elephant","dog, cat, bird, fish, horse, cow, sheep, goat, pig, deer, rabbit, bear, tiger, lion, elephant",yes,15.0,1.0
131c2dd1844bdfe7,"dog, cat, bird, fish, horse, cow, sheep, goat, pig, deer, rabbit, bear, tiger, lion, elephant","dog, cat, bird, fish, horse, cow, sheep, goat, pig, deer, rabbit, bear, tiger, lion, elephant",yes,15.0,1.0
cf366409126fb0fb,"dog, cat, bird, fish, horse, cow, sheep, goat, pig, donkey, elephant, tiger, lion, bear, zebra","dog, cat, bird, fish, horse, cow, sheep, goat, pig, donkey, elephant, tiger, lion, bear, zebra",yes,15.0,1.0
f77e6444b60f2cba,"dog, cat, bird, fish, horse, cow, sheep, goat, pig, rabbit, deer, bear, lion, tiger, elephant","dog, cat, bird, fish, horse, cow, sheep, goat, pig, rabbit, deer, bear, lion, tiger, elephant",yes,15.0,1.0
fa09d281263b793d,"dog,cat,bird,fish,rabbit,mouse,deer,snake,elephant,tiger,lion,bear,bird,monkey,whale","dog,cat,bird,fish,rabbit,mouse,deer,snake,elephant,tiger,lion,bear,bird,monkey,whale",yes,14.0,0.9333333333333333
d75cab9b6b5bbfc1,"dog, cat, bird, fish, horse, cow, sheep, goat, pig, deer, rabbit, bear, lion, tiger, elephant","dog, cat, bird, fish, horse, cow, sheep, goat, pig, deer, rabbit, bear, lion, tiger, elephant",yes,15.0,1.0
22e2a194062351da,"dog, cat, bird, fish, horse, cow, sheep, pig, deer, rabbit, snake, bear, tiger, lion, elephant","dog, cat, bird, fish, horse, cow, sheep, pig, deer, rabbit, snake, bear, tiger, lion, elephant",yes,15.0,1.0
80f360bb80e9024e,"dog, cat, bird, fish, horse, cow, sheep, goat, pig, deer, rabbit, bear, tiger, lion, elephant","dog, cat, bird, fish, horse, cow, sheep, goat, pig, deer, rabbit, bear, tiger, lion, elephant",yes,15.0,1.0
f8ececc0ad90e2d3,"dog, cat, bird, fish, horse, cow, sheep, pig, deer, rabbit, bear, tiger, lion, elephant, snake","dog, cat, bird, fish, horse, cow, sheep, pig, deer, rabbit, bear, tiger, lion, elephant, snake",yes,15.0,1.0
a6b9f2cf0185314d,"dog, cat, bird, fish, horse, cow, sheep, goat, pig, donkey, elephant, tiger, lion, bear, deer","dog, cat, bird, fish, horse, cow, sheep, goat, pig, donkey, elephant, tiger, lion, bear, deer",yes,15.0,1.0
19ada4f0cc34597c,i don't know.,i don't know.,no,0.0,0.0
475796b2015340ad,i don't know.,i don't know.,no,0.0,0.0
ddd7278c88b2ae74,i don't know.,i don't know.,no,0.0,0.0
5c3ed3c2976d643a,i don’t know.,i don’t know.,no,0.0,0.0
8b63b3987b5c1b34,i don’t know.,i don’t know.,no,0.0,0.0
399db244224ad774,i don’t know.,i don’t know.,no,0.0,0.0
b997855405d06ece,i don’t know.,i don’t know.,no,0.0,0.0
42b4e850b95810a9,i don't know.,i don't know.,no,0.0,0.0
9b735ed5e180d261,i don't know.,i don't know.,no,0.0,0.0
05c996e40516008a,i don't know.,i don't know.,no,0.0,0.0
335667d82e735b5f,i don't know.,i don't know.,no,0.0,0.0
2ff74865b3f450d2,i don't know.,i don't know.,no,0.0,0.0
a93952b43ce46e04,i don't know.,i don't know.,no,0.0,0.0
ebeef2a7f5ab24d2,i don’t know.,i don’t know.,no,0.0,0.0
f5fbf51ce59afd29,i don’t know.,i don’t know.,no,0.0,0.0
e24f529222c8b8d8,i don’t know.,i don’t know.,no,0.0,0.0
328f4aaa16d167dc,i don't know.,i don't know.,no,0.0,0.0
28b5456f71d78296,i don’t know.,i don’t know.,no,0.0,0.0
17d7513503f1fdc9,i don’t know.,i don’t know.,no,0.0,0.0
a87621f3192a8d39,i don't know.,i don't know.,no,0.0,0.0
f7b9290883c8c406,i don’t know.,i don’t know.,no,0.0,0.0
96cb95c46c571493,i don't know.,i don't know.,no,0.0,0.0
d8f646f101f9d23f,i don't know.,i don't know.,no,0.0,0.0
f1b9349ea5c11e45,i don't know.,i don't know.,no,0.0,0.0
c490a8dfed3d06e7,i don't know.,i don't know.,no,0.0,0.0
b122d6cfce96ca30,"dog, cat, bird, fish, horse, cow, sheep, goat, pig, deer, rabbit, snake, turtle, frog, bear","dog, cat, bird, fish, horse, cow, sheep, goat, pig, deer, rabbit, snake, turtle, frog, bear",yes,15.0,1.0
0bce4efa07bb3d6d,"cat,dog,bird,fish,snake,elephant,hippopotamus,tiger,lion,zebra,giraffe,monkey,deer,bear,fox","cat,dog,bird,fish,snake,elephant,hippopotamus,tiger,lion,zebra,giraffe,monkey,deer,bear,fox",yes,15.0,1.0
ff0835b4dbb08b2b,"dog,cat,bird,fish,rabbit,horse,cow,pig,chicken,lion,tiger,elephant,giraffe,zebra,cheetah","dog,cat,bird,fish,rabbit,horse,cow,pig,chicken,lion,tiger,elephant,giraffe,zebra,cheetah",yes,15.0,1.0
18e02765742df2b6,"cat, dog, bird, fish, horse, cow, sheep, goat, pig, rabbit, deer, bear, tiger, lion, elephant","cat, dog, bird, fish, horse, cow, sheep, goat, pig, rabbit, deer, bear, tiger, lion, elephant",yes,15.0,1.0
4541e597a75d5be2,"dog, cat, bird, fish, horse, cow, sheep, goat, pig, deer, elephant, tiger, lion, bear, snake","dog, cat, bird, fish, horse, cow, sheep, goat, pig, deer, elephant, tiger, lion, bear, snake",yes,15.0,1.0
0689d6220cba35ae,"cat, dog, bird, fish, horse, cow, sheep, goat, pig, rabbit, deer, bear, tiger, lion, elephant","cat, dog, bird, fish, horse, cow, sheep, goat, pig, rabbit, deer, bear, tiger, lion, elephant",yes,15.0,1.0
ef39cccf154cf594,"cat,dog,bird,fish,snake,elephant,hippopotamus,tiger,lion,zebra,giraffe,monkey,deer,fox,bear","cat,dog,bird,fish,snake,elephant,hippopotamus,tiger,lion,zebra,giraffe,monkey,deer,fox,bear",yes,15.0,1.0
0cf495bb246f4da9,"cat,dog,bird,fish,snake,elephant,hippopotamus,tiger,lion,zebra,giraffe,monkey,deer,fox,bear","cat,dog,bird,fish,snake,elephant,hippopotamus,tiger,lion,zebra,giraffe,monkey,deer,fox,bear",yes,15.0,1.0
28f9eab79419bec8,"cat,dog,bird,fish,snake,elephant,monkey,tiger,lion,zebra,hippopotamus,giraffe,koala,bear,deer","cat,dog,bird,fish,snake,elephant,monkey,tiger,lion,zebra,hippopotamus,giraffe,koala,bear,deer",yes,15.0,1.0
879a5817d65ae73f,"elephant, lion, tiger, bear, deer, zebra, giraffe, monkey, dolphin, shark, whale, snake, bird, rabbit, horse","elephant, lion, tiger, bear, deer, zebra, giraffe, monkey, dolphin, shark, whale, snake, bird, rabbit, horse",yes,15.0,1.0
c209640e2c50ae2c,"dog, cat, bird, horse, cow, sheep, goat, pig, chicken, duck, rabbit, snake, fish, bear, deer","dog, cat, bird, horse, cow, sheep, goat, pig, chicken, duck, rabbit, snake, fish, bear, deer",yes,15.0,1.0
c6f73bbad0ed2fa7,"cat, dog, bird, fish, horse, cow, sheep, goat, pig, deer, rabbit, bear, lion, tiger, elephant","cat, dog, bird, fish, horse, cow, sheep, goat, pig, deer, rabbit, bear, lion, tiger, elephant",yes,15.0,1.0
6fb8227dc3aeab42,"cat,dog,bird,fish,snake,elephant,monkey,tiger,lion,zebra,hippopotamus,giraffe,cow,deer,horse","cat,dog,bird,fish,snake,elephant,monkey,tiger,lion,zebra,hippopotamus,giraffe,cow,deer,horse",yes,15.0,1.0
359ceaef7e9bdf9c,"cat,dog,bird,fish,rabbit,squirrel,elephant,lion,tiger,bear,cow,pig,horse,zebra,monkey,i don’t know","cat,dog,bird,fish,rabbit,squirrel,elephant,lion,tiger,bear,cow,pig,horse,zebra,monkey",edit,15.0,1.0
1e010e5ff1803d4d,"dog,cat,bird,fish,rabbit,squirrel,dog,cat,bird,fish,rabbit,squirrel,horse,chicken,cow","dog,cat,bird,fish,rabbit,squirrel,dog,cat,bird,fish,rabbit,squirrel,horse,chicken,cow",yes,9.0,0.6
4f15f27d2c081d06,"dog, cat, bird, horse, cow, sheep, pig, goat, rabbit, deer, elephant, giraffe, zebra, lion, tiger","dog, cat, bird, horse, cow, sheep, pig, goat, rabbit, deer, elephant, giraffe, zebra, lion, tiger",yes,15.0,1.0
989b83536c021730,"cat,dog,bird,fish,rabbit,squirrel,elephant,lion,tiger,bear,cow,pig,horse,zebra,cheetah,monkey","cat,dog,bird,fish,rabbit,squirrel,elephant,lion,tiger,bear,cow,pig,horse,zebra,cheetah,monkey",yes,16.0,1.0
ee55122eab899c35,"cat, dog, bird, fish, horse, cow, sheep, goat, pig, elephant, tiger, lion, bear, deer, snake","cat, dog, bird, fish, horse, cow, sheep, goat, pig, elephant, tiger, lion, bear, deer, snake",yes,15.0,1.0
12c2c10c54973dd4,"cat,dog,bird,fish,snake,elephant,monkey,tiger,lion,zebra,hippopotamus,giraffe,cow,duck,horse","cat,dog,bird,fish,snake,elephant,monkey,tiger,lion,zebra,hippopotamus,giraffe,cow,duck,horse",yes,15.0,1.0
4bfcb26058d4361f,"dog, cat, bird, fish, horse, cow, sheep, goat, pig, deer, elephant, tiger, lion, bear, snake","dog, cat, bird, fish, horse, cow, sheep, goat, pig, deer, elephant, tiger, lion, bear, snake",yes,15.0,1.0
b4ebe510f9dd9f51,"dog,cat,bird,fish,rabbit,squirrel,duck,tiger,lion,elephant,giraffe,zebra,horse,cow,pig","dog,cat,bird,fish,rabbit,squirrel,duck,tiger,lion,elephant,giraffe,zebra,horse,cow,pig",yes,15.0,1.0
c3dcffa1b8f4a99e,"dog,cat,bird,fish,rabbit,mouse,horse,cow,pig,sheep,chicken,donkey,snake,lizard,turtle","dog,cat,bird,fish,rabbit,mouse,horse,cow,pig,sheep,chicken,donkey,snake,lizard,turtle",yes,15.0,1.0
e5c70509118ce67e,"cat,dog,bird,fish,snake,elephant,hippopotamus,tiger,lion,zebra,giraffe,monkey,koala,deer,fox","cat,dog,bird,fish,snake,elephant,hippopotamus,tiger,lion,zebra,giraffe,monkey,koala,deer,fox",yes,15.0,1.0
020e5bdefc35a891,"cat,dog,bird,fish,snake,elephant,hippo,tiger,lion,zebra,giraffe,monkey,deer,duck,bee","cat,dog,bird,fish,snake,elephant,hippo,tiger,lion,zebra,giraffe,monkey,deer,duck,bee",yes,15.0,1.0
485823b171795194,"dog,cat,bird,fish,rabbit,mouse,horse,donkey,sheep,cow,pig,chicken,lion,tiger,elephant","dog,cat,bird,fish,rabbit,mouse,horse,donkey,sheep,cow,pig,chicken,lion,tiger,elephant",yes,15.0,1.0
