ID,orig_ID,sentence_id,sentence
57c68807196a0ba6_1,57c68807196a0ba6,1,"I was walking through the aisles of a well-lit supermarket, the hum of conversation and the soft clinking of shopping carts filling the air."
57c68807196a0ba6_2,57c68807196a0ba6,2,"I was searching for organic almonds and whole wheat bread, holding a list in one hand and a basket in the other."
57c68807196a0ba6_3,57c68807196a0ba6,3,"The scent of fresh produce and baked goods lingered in the air, and I paused at the dairy section, eyeing the expiration dates on the milk cartons."
57c68807196a0ba6_4,57c68807196a0ba6,4,"I grabbed a carton of almond milk and a block of cheddar cheese, then moved to the snack aisle, where I picked up a bag of dark chocolate."
57c68807196a0ba6_5,57c68807196a0ba6,5,"As I approached the checkout, I noticed a line forming, so I stepped aside to wait, glancing at the store map on the wall to plan my next trip."
57c68807196a0ba6_6,57c68807196a0ba6,6,"The scene was familiar, routine, and comforting."
8e90cd54731ed49f_1,8e90cd54731ed49f,1,"I was walking through the supermarket, pushing my cart slowly down the aisle of canned goods."
8e90cd54731ed49f_2,8e90cd54731ed49f,2,"The fluorescent lights buzzed softly above, and the hum of conversation and the clinking of shopping baskets filled the air."
8e90cd54731ed49f_3,8e90cd54731ed49f,3,"I stopped at the cereal section, running my fingers over the boxes of cornflakes and oat rings."
8e90cd54731ed49f_4,8e90cd54731ed49f,4,"A mother and her toddler passed me, the child giggling as they reached for a colorful toy in the display."
8e90cd54731ed49f_5,8e90cd54731ed49f,5,"I grabbed a bag of rice cakes and moved on, checking the expiration dates on the packages."
8e90cd54731ed49f_6,8e90cd54731ed49f,6,"At the checkout, I waited in line, watching the cashier scan items and the customer behind me argue with the register about a price discrepancy."
8e90cd54731ed49f_7,8e90cd54731ed49f,7,"I paid and left, the bag of rice cakes in my cart, feeling the cool air of the parking lot as I stepped outside."
df5223633d97dd19_1,df5223633d97dd19,1,"I was browsing the grocery aisle of a bustling supermarket, the fluorescent lights casting a bright, even glow over the neatly arranged shelves."
df5223633d97dd19_2,df5223633d97dd19,2,The hum of conversation and the soft clinking of shopping carts filled the air.
df5223633d97dd19_3,df5223633d97dd19,3,"I grabbed a cart and made my way to the produce section, where the scent of ripe fruits and fresh vegetables lingered."
df5223633d97dd19_4,df5223633d97dd19,4,"I picked up a few apples and a bundle of bananas, checking the labels for freshness."
df5223633d97dd19_5,df5223633d97dd19,5,"As I moved to the dairy section, I paused at the cheese counter, running my fingers over a wedge of cheddar."
df5223633d97dd19_6,df5223633d97dd19,6,"I grabbed a loaf of bread and a carton of milk, then headed to the checkout, where a cashier greeted me with a smile."
df5223633d97dd19_7,df5223633d97dd19,7,"I paid and gathered my items, making my way out with a bag of groceries in hand, ready for the evening meal."
5755bdb2b3cdd47c_1,5755bdb2b3cdd47c,1,"I was walking through the crowded supermarket, the hum of conversation and the clatter of shopping carts filling the air."
5755bdb2b3cdd47c_2,5755bdb2b3cdd47c,2,"The scent of fresh produce and baked goods wafted from the aisles, mingling with the faint smell of cleaning products."
5755bdb2b3cdd47c_3,5755bdb2b3cdd47c,3,"I grabbed my cart and headed to the grocery section, scanning the shelves for the ingredients on my list."
5755bdb2b3cdd47c_4,5755bdb2b3cdd47c,4,"I picked up a loaf of bread, a bag of apples, and a carton of milk, placing them in the cart with careful precision."
5755bdb2b3cdd47c_5,5755bdb2b3cdd47c,5,"As I moved through the store, I passed a display of colorful candies and a section where a man was trying on sunglasses."
5755bdb2b3cdd47c_6,5755bdb2b3cdd47c,6,"I made my way to the checkout, where a cashier greeted me with a smile, and I paid for my items before heading out the door, the bag of groceries in hand."
bda87857c27cf1a6_1,bda87857c27cf1a6,1,"I was walking through the supermarket, pushing a shopping cart slowly down the aisle."
bda87857c27cf1a6_2,bda87857c27cf1a6,2,"The fluorescent lights buzzed softly above, casting a bright white glow over the neatly arranged shelves."
bda87857c27cf1a6_3,bda87857c27cf1a6,3,"I stopped at the cereal section, grabbing a box of oats and placing it in the cart."
bda87857c27cf1a6_4,bda87857c27cf1a6,4,"The smell of fresh produce wafted from the next aisle, where a woman was selecting apples."
bda87857c27cf1a6_5,bda87857c27cf1a6,5,"I moved on to the dairy section, where a man was checking the expiration dates on milk cartons."
bda87857c27cf1a6_6,bda87857c27cf1a6,6,I picked up a carton of almond milk and added it to the cart.
bda87857c27cf1a6_7,bda87857c27cf1a6,7,"As I passed the snack aisle, I noticed a display of chips and cookies, but I didn’t stop."
bda87857c27cf1a6_8,bda87857c27cf1a6,8,"I continued to the checkout, where a cashier was scanning items, and I waited in line, holding my cart with one hand and a bag of oranges in the other."
b646ae419676ed05_1,b646ae419676ed05,1,"I was in the supermarket on a quiet weekday afternoon, browsing the aisles with a small grocery list in my hand."
b646ae419676ed05_2,b646ae419676ed05,2,The hum of conversation and the occasional clatter of shopping carts created a familiar background noise.
b646ae419676ed05_3,b646ae419676ed05,3,"I stopped at the produce section, gently running my fingers over the smooth skin of a ripe avocado."
b646ae419676ed05_4,b646ae419676ed05,4,"Next, I moved to the dairy aisle, where I grabbed a carton of milk and a block of cheese."
b646ae419676ed05_5,b646ae419676ed05,5,"I paused at the snack section, considering whether to pick up a bag of chips, but decided against it."
b646ae419676ed05_6,b646ae419676ed05,6,"As I approached the checkout, I noticed a coupon display for a discount on bread, so I added a loaf to my basket."
b646ae419676ed05_7,b646ae419676ed05,7,"The cashier greeted me with a smile, and I handed over my items, hoping the total would be under my budget."
ede3d2dd96b4dc89_1,ede3d2dd96b4dc89,1,"I was walking through the aisles of a busy supermarket, the hum of conversation and the clinking of shopping carts around me."
ede3d2dd96b4dc89_2,ede3d2dd96b4dc89,2,"The scent of fresh produce and baked goods filled the air, mingling with the faint smell of cleaning products."
ede3d2dd96b4dc89_3,ede3d2dd96b4dc89,3,"I grabbed a cart and headed to the cereal aisle, scanning the shelves for my usual brand."
ede3d2dd96b4dc89_4,ede3d2dd96b4dc89,4,"As I reached for a box, a mother and her toddler passed by, the child pointing at a colorful toy display."
ede3d2dd96b4dc89_5,ede3d2dd96b4dc89,5,"I moved on to the dairy section, where a man was carefully checking the expiration dates on milk bottles."
ede3d2dd96b4dc89_6,ede3d2dd96b4dc89,6,"I picked up a carton of milk and placed it in my basket, then headed to the checkout, where a cashier was already scanning items."
ede3d2dd96b4dc89_7,ede3d2dd96b4dc89,7,"I waited in line, watching the world go by, content with my simple task."
b96a81d923dbf4ef_1,b96a81d923dbf4ef,1,"I was walking through the aisles of a well-lit supermarket, the hum of conversation and the soft clinking of shopping carts filling the air."
b96a81d923dbf4ef_2,b96a81d923dbf4ef,2,"I was on a routine grocery run, grabbing a list from my phone that included eggs, milk, and a loaf of bread."
b96a81d923dbf4ef_3,b96a81d923dbf4ef,3,"The scent of fresh produce and baked goods wafted from the bakery section, which I passed on my way to the dairy counter."
b96a81d923dbf4ef_4,b96a81d923dbf4ef,4,"I picked up a carton of milk and a bag of apples, then moved to the checkout line, where a young family was counting out change."
b96a81d923dbf4ef_5,b96a81d923dbf4ef,5,"As I waited, I glanced at the magazine rack near the exit, where a new issue of a gardening magazine caught my eye."
b96a81d923dbf4ef_6,b96a81d923dbf4ef,6,"I decided to grab it on the way out, adding it to my basket before heading to the register."
7c9db0977408608c_1,7c9db0977408608c,1,"I was browsing the grocery store on a quiet Saturday morning, the fluorescent lights buzzing softly overhead."
7c9db0977408608c_2,7c9db0977408608c,2,"I moved through the aisles, grabbing a carton of milk, a bag of apples, and a loaf of bread from the bakery section."
7c9db0977408608c_3,7c9db0977408608c,3,The scent of freshly baked pastries lingered near the checkout counter.
7c9db0977408608c_4,7c9db0977408608c,4,"I paused at the snack aisle, eyeing a variety of chips and candy bars before deciding on a pack of almonds."
7c9db0977408608c_5,7c9db0977408608c,5,"As I approached the register, I noticed a couple arguing over the price of a loaf of bread, and a teenager trying to return a broken item."
7c9db0977408608c_6,7c9db0977408608c,6,"I paid for my items and grabbed a paper bag, then walked out into the parking lot, the sun warming my shoulders as I waited for my car."
b7850f3ab77a1ec2_1,b7850f3ab77a1ec2,1,"I was walking through the aisles of a busy supermarket, the hum of conversation and the clatter of shopping carts filling the air."
b7850f3ab77a1ec2_2,b7850f3ab77a1ec2,2,"The fluorescent lights cast a bright, even glow over the neatly arranged shelves."
b7850f3ab77a1ec2_3,b7850f3ab77a1ec2,3,"I grabbed a cart and headed to the produce section, where the scent of fresh fruit and the sight of vibrant vegetables greeted me."
b7850f3ab77a1ec2_4,b7850f3ab77a1ec2,4,"I picked up a few apples and a bundle of bananas, then moved on to the dairy aisle, where I grabbed a carton of milk."
b7850f3ab77a1ec2_5,b7850f3ab77a1ec2,5,"I stopped at the cereal aisle to pick out a box, then headed to the checkout counter, where a cashier scanned my items with a barcode scanner."
b7850f3ab77a1ec2_6,b7850f3ab77a1ec2,6,"As I waited in line, I glanced at the magazine rack, where a few magazines were displayed."
b7850f3ab77a1ec2_7,b7850f3ab77a1ec2,7,"I finished my shopping and left, the bag of groceries in my hand, feeling satisfied with my quick trip."
2f8b14731b95185f_1,2f8b14731b95185f,1,"I was walking through the aisles of a busy supermarket, the hum of conversation and the clinking of shopping carts filling the air."
2f8b14731b95185f_2,2f8b14731b95185f,2,"I grabbed my basket and headed to the produce section, where bright fruits and vegetables were neatly arranged."
2f8b14731b95185f_3,2f8b14731b95185f,3,I picked up a few apples and a bundle of spinach.
2f8b14731b95185f_4,2f8b14731b95185f,4,"Next, I moved to the dairy aisle, where I grabbed a carton of milk and a block of cheese."
2f8b14731b95185f_5,2f8b14731b95185f,5,"I stopped at the snack section to pick up a bag of chips, then headed to the checkout counter."
2f8b14731b95185f_6,2f8b14731b95185f,6,"I scanned my items, making sure I had everything on my list."
2f8b14731b95185f_7,2f8b14731b95185f,7,"As I waited in line, I watched families and couples moving through the store, each with their own shopping routine."
2f8b14731b95185f_8,2f8b14731b95185f,8,"The cashier rang up my items, and I paid, then took my bag and left, feeling satisfied with my small but necessary errand."
b6202e57fd03731b_1,b6202e57fd03731b,1,"I was walking through the aisles of a busy supermarket, the hum of conversation and the occasional clatter of shopping carts filling the air."
b6202e57fd03731b_2,b6202e57fd03731b,2,"I was looking for fresh fruit, so I headed to the produce section, where the scent of ripe apples and citrus lingered."
b6202e57fd03731b_3,b6202e57fd03731b,3,"I picked up a small basket and grabbed a few bananas, a bag of grapes, and a watermelon."
b6202e57fd03731b_4,b6202e57fd03731b,4,"As I moved through the store, I noticed a family selecting groceries, a man checking the expiration dates on cereal boxes, and a cashier scanning items at the register."
b6202e57fd03731b_5,b6202e57fd03731b,5,I grabbed a carton of milk and a loaf of bread before heading to the checkout.
b6202e57fd03731b_6,b6202e57fd03731b,6,"The line was short, and I paid with my credit card, then grabbed my bag and left, the weight of my purchases a reminder of the simple, everyday task of shopping."
7e7192db1866ac7a_1,7e7192db1866ac7a,1,"I was browsing the grocery store on a quiet Saturday morning, the hum of the fluorescent lights blending with the occasional clink of cans."
7e7192db1866ac7a_2,7e7192db1866ac7a,2,"I moved through the aisles, grabbing a carton of milk, a loaf of bread, and a bag of apples."
7e7192db1866ac7a_3,7e7192db1866ac7a,3,"The scent of fresh produce lingered in the air, mixed with the faint smell of cleaning products."
7e7192db1866ac7a_4,7e7192db1866ac7a,4,"I paused at the cereal aisle, running my fingers over the boxes, trying to decide on a brand."
7e7192db1866ac7a_5,7e7192db1866ac7a,5,"A family with young children passed me, their laughter echoing through the store."
7e7192db1866ac7a_6,7e7192db1866ac7a,6,"I grabbed a few items and headed to the checkout, where the cashier greeted me with a smile."
7e7192db1866ac7a_7,7e7192db1866ac7a,7,"I paid, took my bag, and stepped outside into the crisp morning air, ready to head home."
3a613a938d62c032_1,3a613a938d62c032,1,"I was walking down the aisle of the supermarket, pushing my cart slowly as I scanned the shelves for cereal."
3a613a938d62c032_2,3a613a938d62c032,2,"The fluorescent lights buzzed softly overhead, casting a bright white glow on the neatly arranged products."
3a613a938d62c032_3,3a613a938d62c032,3,"The scent of fresh produce and baked goods wafted through the air, mingling with the faint hum of conversation from nearby shoppers."
3a613a938d62c032_4,3a613a938d62c032,4,"I grabbed a box of oats and moved to the dairy section, where the coolness of the refrigerated cases contrasted with the warmth of the store."
3a613a938d62c032_5,3a613a938d62c032,5,"I picked up a carton of milk and a block of cheese, then headed to the checkout counter, where the cashier greeted me with a smile."
3a613a938d62c032_6,3a613a938d62c032,6,"As I waited in line, I glanced at the calendar on the wall, realizing I had missed my weekly grocery day."
3a613a938d62c032_7,3a613a938d62c032,7,I made a mental note to plan better next time.
33b6ed4acd3a4957_1,33b6ed4acd3a4957,1,"I was walking through the aisles of a busy supermarket, the hum of conversation and the clinking of shopping carts around me."
33b6ed4acd3a4957_2,33b6ed4acd3a4957,2,"I grabbed my cart and headed to the produce section, where the bright colors of fruits and vegetables caught my eye."
33b6ed4acd3a4957_3,33b6ed4acd3a4957,3,"I picked up a few apples and a bundle of bananas, then moved to the dairy case, where I grabbed a carton of milk."
33b6ed4acd3a4957_4,33b6ed4acd3a4957,4,"I stopped at the cereal aisle, scanning the shelves for something I hadn’t had in a while."
33b6ed4acd3a4957_5,33b6ed4acd3a4957,5,"As I reached for a box, I noticed a coupon on the shelf and grabbed it too."
33b6ed4acd3a4957_6,33b6ed4acd3a4957,6,"I filled my cart with essentials, then moved to the checkout counter, where a cashier was already waiting."
33b6ed4acd3a4957_7,33b6ed4acd3a4957,7,I handed over my items and waited patiently while the register scanned them.
33b6ed4acd3a4957_8,33b6ed4acd3a4957,8,"I paid and left, feeling satisfied with my simple grocery run."
2402d38675f31b58_1,2402d38675f31b58,1,"I was walking through the aisles of a busy supermarket, the hum of conversation and the occasional clatter of shopping carts filling the air."
2402d38675f31b58_2,2402d38675f31b58,2,"I was on a routine grocery run, picking up a few essentials like milk, bread, and eggs."
2402d38675f31b58_3,2402d38675f31b58,3,"The fluorescent lights above cast a bright, even glow over the neatly arranged shelves."
2402d38675f31b58_4,2402d38675f31b58,4,"I paused at the produce section, running my fingers over a bunch of bananas, checking for ripeness."
2402d38675f31b58_5,2402d38675f31b58,5,"I grabbed a carton of yogurt and moved to the dairy aisle, where I grabbed a bag of milk."
2402d38675f31b58_6,2402d38675f31b58,6,"As I approached the checkout, I noticed a line forming, so I stepped back to wait."
2402d38675f31b58_7,2402d38675f31b58,7,"The cashier was scanning items, and the beeping of the register was a familiar sound."
2402d38675f31b58_8,2402d38675f31b58,8,"I took a deep breath, savoring the routine of the moment."
4e9b935bb5fe467e_1,4e9b935bb5fe467e,1,"I was walking through the aisle of the supermarket, pushing a shopping cart with a basket of groceries."
4e9b935bb5fe467e_2,4e9b935bb5fe467e,2,"The fluorescent lights hummed softly above, casting a bright white glow on the neatly arranged shelves."
4e9b935bb5fe467e_3,4e9b935bb5fe467e,3,"I passed rows of canned goods, fresh produce, and household cleaners, stopping occasionally to check the prices on the labels."
4e9b935bb5fe467e_4,4e9b935bb5fe467e,4,"The scent of fresh bread wafted from the bakery section, mingling with the faint smell of cleaning products."
4e9b935bb5fe467e_5,4e9b935bb5fe467e,5,"I grabbed a bag of apples and a box of cereal, then moved to the dairy section, where the cool air felt refreshing."
4e9b935bb5fe467e_6,4e9b935bb5fe467e,6,"I picked up a carton of milk and a block of cheese, placing them in the cart."
4e9b935bb5fe467e_7,4e9b935bb5fe467e,7,"As I walked toward the checkout, I noticed a display of seasonal snacks and paused to consider buying a bag of chips, but decided against it."
4e9b935bb5fe467e_8,4e9b935bb5fe467e,8,"The hum of conversation and the occasional beeping of the self-checkout machines created a familiar, everyday rhythm."
e2061e1c6bb62a4f_1,e2061e1c6bb62a4f,1,"I was in the grocery store, walking down the aisle with a list in my hand."
e2061e1c6bb62a4f_2,e2061e1c6bb62a4f,2,"The fluorescent lights buzzed softly above, casting a bright white glow over the shelves."
e2061e1c6bb62a4f_3,e2061e1c6bb62a4f,3,"I passed rows of canned goods, fresh produce, and household cleaners."
e2061e1c6bb62a4f_4,e2061e1c6bb62a4f,4,The smell of oranges and freshly baked bread wafted from the bakery section.
e2061e1c6bb62a4f_5,e2061e1c6bb62a4f,5,"I stopped at the dairy case, grabbed a carton of milk, and placed it in my basket."
e2061e1c6bb62a4f_6,e2061e1c6bb62a4f,6,"I then moved to the snack aisle, where I picked up a bag of chips and a pack of cookies."
e2061e1c6bb62a4f_7,e2061e1c6bb62a4f,7,"As I walked toward the checkout, I noticed a display of seasonal fruits, and I grabbed a few apples for later."
e2061e1c6bb62a4f_8,e2061e1c6bb62a4f,8,"The store was quiet, with only the occasional sound of a cart wheeling down an aisle."
e2061e1c6bb62a4f_9,e2061e1c6bb62a4f,9,"I reached the register, paid for my items, and left with my groceries, feeling satisfied with my short trip."
ceda1b388b06e8df_1,ceda1b388b06e8df,1,"I was walking through the supermarket, pushing my shopping cart slowly down the aisle."
ceda1b388b06e8df_2,ceda1b388b06e8df,2,"The fluorescent lights buzzed softly, and the smell of fresh produce and baked goods filled the air."
ceda1b388b06e8df_3,ceda1b388b06e8df,3,"I stopped at the dairy section, grabbed a carton of milk, and placed it in the cart."
ceda1b388b06e8df_4,ceda1b388b06e8df,4,"Then I moved to the cereal aisle, scanning the shelves for my favorite brand."
ceda1b388b06e8df_5,ceda1b388b06e8df,5,I picked up a box and checked the expiration date before putting it in the cart.
ceda1b388b06e8df_6,ceda1b388b06e8df,6,"As I passed the bread counter, I noticed a display of artisanal loaves and paused to consider buying a baguette."
ceda1b388b06e8df_7,ceda1b388b06e8df,7,"I continued to the checkout, making sure my items were all in one place."
ceda1b388b06e8df_8,ceda1b388b06e8df,8,"The sound of the cash register and the chatter of other shoppers created a familiar, everyday rhythm."
7760fd4191048819_1,7760fd4191048819,1,"I was walking through the supermarket, pushing a shopping cart with a basket of groceries."
7760fd4191048819_2,7760fd4191048819,2,"The fluorescent lights buzzed softly overhead, and the scent of fresh produce and baked goods filled the air."
7760fd4191048819_3,7760fd4191048819,3,"I stopped at the cereal aisle, scanning the shelves for a new brand."
7760fd4191048819_4,7760fd4191048819,4,"A mother and her toddler were nearby, the child pointing at a colorful box of fruit snacks."
7760fd4191048819_5,7760fd4191048819,5,"I grabbed a bag of oats and moved to the dairy section, where the cool air smelled of milk and cheese."
7760fd4191048819_6,7760fd4191048819,6,I picked up a carton of yogurt and a block of cheddar.
7760fd4191048819_7,7760fd4191048819,7,"As I passed the checkout, I noticed a display of seasonal apples, their skins slightly bruised but still ripe."
7760fd4191048819_8,7760fd4191048819,8,"I added them to my cart and continued to the register, where a cashier greeted me with a smile."
7760fd4191048819_9,7760fd4191048819,9,"The line was short, and I was soon on my way home, the bag of groceries heavy but satisfying."
8f514f0f8c354e9d_1,8f514f0f8c354e9d,1,"I was walking through the aisles of a busy supermarket, the hum of conversation and the clinking of shopping carts filling the air."
8f514f0f8c354e9d_2,8f514f0f8c354e9d,2,"I was looking for cereal, so I headed to the grocery section, where shelves were lined with boxes of different brands and flavors."
8f514f0f8c354e9d_3,8f514f0f8c354e9d,3,"I grabbed a box of oatmeal and put it in my cart, then moved on to the dairy section, where I picked up a carton of milk."
8f514f0f8c354e9d_4,8f514f0f8c354e9d,4,"As I walked, I noticed a family with young children browsing the snack aisle, and a man in a hurry pushing a cart with a bag of groceries."
8f514f0f8c354e9d_5,8f514f0f8c354e9d,5,"I reached the checkout counter, where a cashier was scanning items."
8f514f0f8c354e9d_6,8f514f0f8c354e9d,6,"I handed over my items, paid, and left with my purchases, feeling satisfied with my quick trip."
9b6ea635365e6197_1,9b6ea635365e6197,1,"I was walking through the aisles of a busy supermarket, the hum of conversation and the clinking of shopping carts filling the air."
9b6ea635365e6197_2,9b6ea635365e6197,2,"I was looking for a specific brand of cereal, so I made my way to the grocery section, scanning the shelves for the familiar packaging."
9b6ea635365e6197_3,9b6ea635365e6197,3,"I grabbed a few items and placed them in my cart, then moved to the produce section, where the bright colors of fruits and vegetables caught my eye."
9b6ea635365e6197_4,9b6ea635365e6197,4,"I picked up a few apples and a bundle of bananas, checking the dates to ensure they were still fresh."
9b6ea635365e6197_5,9b6ea635365e6197,5,"As I passed the dairy section, I noticed a display of yogurt, so I added a couple of containers to my list."
9b6ea635365e6197_6,9b6ea635365e6197,6,"I made my way to the checkout counter, where the cashier greeted me with a smile, and I paid for my items before heading out the door, my basket filled with groceries for the week."
2459f6ceef4073d5_1,2459f6ceef4073d5,1,"I was walking through the aisles of a well-lit supermarket, the hum of conversation and the soft clinking of shopping carts surrounding me."
2459f6ceef4073d5_2,2459f6ceef4073d5,2,"I grabbed a cart and headed to the produce section, where bright fruits and vegetables were neatly arranged."
2459f6ceef4073d5_3,2459f6ceef4073d5,3,"I picked up a bunch of bananas and a few apples, then moved to the dairy aisle, where the scent of cheese and yogurt lingered."
2459f6ceef4073d5_4,2459f6ceef4073d5,4,I grabbed a block of cheddar and a carton of milk.
2459f6ceef4073d5_5,2459f6ceef4073d5,5,"As I passed the snack aisle, I grabbed a bag of chips for later."
2459f6ceef4073d5_6,2459f6ceef4073d5,6,"I made my way to the checkout, where a cashier greeted me with a smile."
2459f6ceef4073d5_7,2459f6ceef4073d5,7,"I paid for my items and placed them in my bag, then headed out the door, the bag heavy with groceries."
7072f3b532a3fd68_1,7072f3b532a3fd68,1,"I was walking through the supermarket, pushing my cart slowly down the aisle."
7072f3b532a3fd68_2,7072f3b532a3fd68,2,"The fluorescent lights buzzed softly, and the smell of fresh produce and cleaning products filled the air."
7072f3b532a3fd68_3,7072f3b532a3fd68,3,"I was looking for eggs, so I turned down the dairy section, where the shelves were lined with milk and cheese."
7072f3b532a3fd68_4,7072f3b532a3fd68,4,"I grabbed a carton of eggs and put it in my cart, then moved on to the cereal aisle, where I picked up a box of oatmeal."
7072f3b532a3fd68_5,7072f3b532a3fd68,5,"As I passed the snack section, I noticed a display of candy bars and stopped to check the price."
7072f3b532a3fd68_6,7072f3b532a3fd68,6,I grabbed a few chocolate bars and added them to my cart.
7072f3b532a3fd68_7,7072f3b532a3fd68,7,"I made my way to the checkout, where the cashier was already scanning items."
7072f3b532a3fd68_8,7072f3b532a3fd68,8,I handed her my card and waited patiently while she processed the payment.
11de4e69596e4e03_1,11de4e69596e4e03,1,"I was walking through the aisles of a well-lit supermarket, the hum of conversation and the clink of shopping carts around me."
11de4e69596e4e03_2,11de4e69596e4e03,2,"I was looking for milk and bread, so I headed to the dairy section first."
11de4e69596e4e03_3,11de4e69596e4e03,3,The smell of cheese and fresh produce filled the air.
11de4e69596e4e03_4,11de4e69596e4e03,4,I grabbed a carton of whole milk and a loaf of sourdough.
11de4e69596e4e03_5,11de4e69596e4e03,5,"As I moved to the bread aisle, I noticed a line forming at the checkout, so I decided to check the cereal aisle next."
11de4e69596e4e03_6,11de4e69596e4e03,6,I picked up a box of oatmeal and a bag of granola.
11de4e69596e4e03_7,11de4e69596e4e03,7,"I placed everything in my cart and made my way to the checkout counter, where a friendly cashier greeted me."
11de4e69596e4e03_8,11de4e69596e4e03,8,"I paid and grabbed my items, then headed to the exit, already planning my next trip to the store."
e66dc2d70e0a58fa_1,e66dc2d70e0a58fa,1,"I was wandering through the aisles of a bustling supermarket, my cart rolling behind me as I picked up a loaf of bread and a bag of oranges."
e66dc2d70e0a58fa_2,e66dc2d70e0a58fa,2,"The air was warm, and the hum of conversation and music from the store speakers filled the space."
e66dc2d70e0a58fa_3,e66dc2d70e0a58fa,3,"I passed a display of fresh produce, where a young clerk was arranging bunches of bananas, and a couple in the next aisle was debating the best brand of cereal."
e66dc2d70e0a58fa_4,e66dc2d70e0a58fa,4,"I grabbed a bottle of olive oil and a box of cereal for my dog, who had been begging for treats."
e66dc2d70e0a58fa_5,e66dc2d70e0a58fa,5,"I added them to my cart, then moved on to the dairy section, where I picked up a block of cheddar and a carton of milk."
e66dc2d70e0a58fa_6,e66dc2d70e0a58fa,6,"I noticed a coupon for 20% off on frozen foods, but I didn’t need anything there."
e66dc2d70e0a58fa_7,e66dc2d70e0a58fa,7,"I finished my shopping and headed to the checkout, my cart full of groceries for the week."
7b373d79d134b25e_1,7b373d79d134b25e,1,"I walked through the aisles of the supermarket, my cart rolling behind me as I grabbed a few items from the snack aisle."
7b373d79d134b25e_2,7b373d79d134b25e,2,"The fluorescent lights buzzed overhead, and the hum of conversation and the occasional cart wheel echoed around me."
7b373d79d134b25e_3,7b373d79d134b25e,3,"I passed a display of seasonal fruit, the bright colors of apples and oranges catching my eye."
7b373d79d134b25e_4,7b373d79d134b25e,4,"I grabbed a few oranges and added them to my cart, then moved on to the dairy section, where I picked up a block of cheddar and a carton of eggs."
7b373d79d134b25e_5,7b373d79d134b25e,5,"I passed by the bakery counter, where the scent of fresh bread wafted through the air, and I grabbed a bag of bagels."
7b373d79d134b25e_6,7b373d79d134b25e,6,"I made my way to the checkout, my cart full of groceries, my mind already thinking about the meal I would make that evening."
6954cc30e3b90ec6_1,6954cc30e3b90ec6,1,"I was wandering through the aisles of a large, well-lit supermarket, the hum of conversation and the soft music playing on the speakers around me."
6954cc30e3b90ec6_2,6954cc30e3b90ec6,2,"I was on a routine grocery run, trying to pick up a few items for the week."
6954cc30e3b90ec6_3,6954cc30e3b90ec6,3,"I passed by the dairy section, then the fresh produce, where the fruits and vegetables were displayed in bright, colorful displays."
6954cc30e3b90ec6_4,6954cc30e3b90ec6,4,"I grabbed a carton of milk and a loaf of bread, then moved on to the snack aisle, where I picked up a bag of chips for the dog."
6954cc30e3b90ec6_5,6954cc30e3b90ec6,5,"I made my way to the checkout, scanning my items as I went, trying not to think about the long week that lay ahead."
58ddbfb10dba04b6_1,58ddbfb10dba04b6,1,"I walked through the aisles of the local supermarket, my cart wheels rolling quietly behind me."
58ddbfb10dba04b6_2,58ddbfb10dba04b6,2,"The fluorescent lights buzzed faintly, casting a bright, even light over the neatly arranged products."
58ddbfb10dba04b6_3,58ddbfb10dba04b6,3,"I passed rows of canned goods, fresh produce, and household items, my mind focused on my list."
58ddbfb10dba04b6_4,58ddbfb10dba04b6,4,"I grabbed a few apples, a bag of oranges, and a loaf of bread, adding them to my cart."
58ddbfb10dba04b6_5,58ddbfb10dba04b6,5,"I noticed a couple arguing near the dairy section, and a teenager trying to teach their phone to take a video of a banana."
58ddbfb10dba04b6_6,58ddbfb10dba04b6,6,"I grabbed a carton of milk, then a box of cereal for my nephew."
58ddbfb10dba04b6_7,58ddbfb10dba04b6,7,"I passed the bakery section, where the scent of freshly baked bread wafted through the air."
58ddbfb10dba04b6_8,58ddbfb10dba04b6,8,"I added a bag of cookies to my list, then headed to the checkout, my cart full and my mind light with the comfort of routine."
213a1feb08de5cce_1,213a1feb08de5cce,1,"I was wandering through the aisles of a busy supermarket, my cart rolling behind me as I picked up a few items."
213a1feb08de5cce_2,213a1feb08de5cce,2,The hum of conversation and the clinking of cans filled the air.
213a1feb08de5cce_3,213a1feb08de5cce,3,"I passed by the bakery section where a display of pastries caught my eye, but I kept walking, focused on my list."
213a1feb08de5cce_4,213a1feb08de5cce,4,"I grabbed a few essentials: eggs, flour, and a box of cereal."
213a1feb08de5cce_5,213a1feb08de5cce,5,I noticed a coupon for a discount on laundry detergent and added that to my cart.
213a1feb08de5cce_6,213a1feb08de5cce,6,"The store was quiet in the late afternoon, with only a few other shoppers around."
213a1feb08de5cce_7,213a1feb08de5cce,7,I grabbed a few oranges from the produce section and a loaf of bread from the bakery.
213a1feb08de5cce_8,213a1feb08de5cce,8,"I made my way to the checkout, where I paid for my items and tossed a few loose candies into my bag for a treat."
213a1feb08de5cce_9,213a1feb08de5cce,9,I left with a full cart and a lightened wallet.
3d00550c57698a27_1,3d00550c57698a27,1,"I walked through the aisles of the supermarket, my cart rolling behind me as I picked up a loaf of bread and a bag of oranges."
3d00550c57698a27_2,3d00550c57698a27,2,"The fluorescent lights buzzed softly, and the hum of conversation and music from the store speakers filled the air."
3d00550c57698a27_3,3d00550c57698a27,3,"I passed a display of candy bars and shiny, colorful snacks that called to children, but I kept my focus on my list."
3d00550c57698a27_4,3d00550c57698a27,4,"I grabbed a can of beans and a bottle of olive oil, then moved on to the dairy section, where the cheese counter had a tempting display of aged cheddar."
3d00550c57698a27_5,3d00550c57698a27,5,"I added a wedge to my cart, thinking it might be useful for a recipe I'd seen online."
3d00550c57698a27_6,3d00550c57698a27,6,"As I walked past the deli, I noticed a man in a suit arguing with a clerk, and I smiled, thinking about the chaos of everyday life."
e26977b5577d8720_1,e26977b5577d8720,1,"I walked through the aisles of the supermarket, past rows of neatly arranged products, my cart rolling behind me."
e26977b5577d8720_2,e26977b5577d8720,2,The hum of fluorescent lights and the occasional call of a store employee echoed around me.
e26977b5577d8720_3,e26977b5577d8720,3,"I passed the bakery section, where the sweet aroma of pastries lured me, but I kept walking, focused on my list."
e26977b5577d8720_4,e26977b5577d8720,4,"I grabbed a loaf of bread from the refrigerated section, then added a few apples and a bag of oranges to my cart."
e26977b5577d8720_5,e26977b5577d8720,5,"I passed the cleaning supplies, but didn’t stop, as I had no need for them."
e26977b5577d8720_6,e26977b5577d8720,6,I made a mental note to check the sale items later.
e26977b5577d8720_7,e26977b5577d8720,7,"The store was quiet, save for the occasional clatter of a shopping cart being moved."
e26977b5577d8720_8,e26977b5577d8720,8,"I reached the checkout, where a young cashier greeted me with a friendly smile."
e26977b5577d8720_9,e26977b5577d8720,9,"I handed over my items, and after paying, I stepped out into the late afternoon sun, feeling a bit lighter."
f32430d236375024_1,f32430d236375024,1,"I’m wandering through the aisles of a well-lit, bustling supermarket, my cart rolling behind me as I grab a loaf of bread from the bakery section."
f32430d236375024_2,f32430d236375024,2,"The air is filled with the hum of conversation, the occasional clatter of carts, and the muffled music playing over the speakers."
f32430d236375024_3,f32430d236375024,3,"I pass a display of seasonal fruits, their colors vibrant and tempting, but I stick to my list."
f32430d236375024_4,f32430d236375024,4,"I grab a bag of oranges and a pack of bananas, adding them to my cart with a nod of satisfaction."
f32430d236375024_5,f32430d236375024,5,"I spot a coupon rack and check the dates on a few items, making sure they’re still good."
f32430d236375024_6,f32430d236375024,6,"I pass a section where a young family is helping a toddler identify fruits, and I smile at the simple joy of it."
f32430d236375024_7,f32430d236375024,7,"I reach the checkout, my cart full of essentials, and head to the register, ready to pay and head home."
b39b934807bc1274_1,b39b934807bc1274,1,"I was wandering through the aisles of a well-lit supermarket in the late afternoon, the hum of refrigerators and the chatter of other shoppers filling the air."
b39b934807bc1274_2,b39b934807bc1274,2,"I was on a routine grocery run, my cart wheels rolling quietly over the smooth floor."
b39b934807bc1274_3,b39b934807bc1274,3,"I passed the produce section, where bright colors of apples and oranges caught my eye, and then moved on to the dairy aisle, where I grabbed a carton of milk."
b39b934807bc1274_4,b39b934807bc1274,4,I grabbed a loaf of bread from the bakery section and added it to my cart.
b39b934807bc1274_5,b39b934807bc1274,5,"I noticed a coupon for 20% off on canned goods and grabbed a few items, trying to remember if I had those at home."
b39b934807bc1274_6,b39b934807bc1274,6,"I passed the deli counter, where a worker was arranging pre-made salads, and I thought about buying some for the week."
b39b934807bc1274_7,b39b934807bc1274,7,"I was trying to stay focused on my list, but the temptation of the candy aisle was strong."
7884c04c5c8d389d_1,7884c04c5c8d389d,1,"I was wandering through the aisles of a well-lit supermarket, the hum of fluorescent lights and distant chatter filling the air."
7884c04c5c8d389d_2,7884c04c5c8d389d,2,"I passed rows of fresh produce, where a produce clerk was arranging apples in a display, and a family was picking over bananas."
7884c04c5c8d389d_3,7884c04c5c8d389d,3,"I grabbed a cart and headed to the dairy section, where a young couple was debating the best way to store cheese."
7884c04c5c8d389d_4,7884c04c5c8d389d,4,"I added a loaf of bread to my cart, then moved on to the snack aisle, where a man in a tracksuit was comparing the nutritional labels of different cereal boxes."
7884c04c5c8d389d_5,7884c04c5c8d389d,5,"I grabbed a box of granola and a bag of trail mix, then headed to the checkout, where a cashier with a name tag named “Lena” was scanning items."
7884c04c5c8d389d_6,7884c04c5c8d389d,6,"I paid and grabbed my items, then headed for the exit, already thinking about the meal I’d make with the bread and cheese."
d26b1253e6788648_1,d26b1253e6788648,1,"I'm wandering through the aisles of a well-lit supermarket, the hum of fluorescent lights and chatter of other shoppers around me."
d26b1253e6788648_2,d26b1253e6788648,2,"I'm in the produce section, eyeing the bright, glossy apples and the crisp, green lettuce."
d26b1253e6788648_3,d26b1253e6788648,3,"I grab a carton of milk and a loaf of bread, adding them to my basket."
d26b1253e6788648_4,d26b1253e6788648,4,"I pass by the bakery section, where a woman in a yellow apron is arranging pastries."
d26b1253e6788648_5,d26b1253e6788648,5,I grab a bag of oranges and add it to my list.
d26b1253e6788648_6,d26b1253e6788648,6,"I make my way to the dairy section, where I pick up a block of cheese and a jar of jam."
d26b1253e6788648_7,d26b1253e6788648,7,"I check my list again, making sure I didn't miss anything."
d26b1253e6788648_8,d26b1253e6788648,8,"I grab a bag of grapes and a box of cereal, then head to the checkout."
d26b1253e6788648_9,d26b1253e6788648,9,I pay for my items and toss a few apples into the carton of oranges.
d26b1253e6788648_10,d26b1253e6788648,10,"I take my groceries and head for the exit, already thinking about the meal I'll make with them."
23f56ee705b48e16_1,23f56ee705b48e16,1,"I'm wandering through the aisles of a well-lit, bustling supermarket early in the morning, the hum of refrigerators and the occasional clatter of dishes in the deli section filling the air."
23f56ee705b48e16_2,23f56ee705b48e16,2,"I'm in a light blue sweater, my cart rolling behind me as I scan the shelves for groceries."
23f56ee705b48e16_3,23f56ee705b48e16,3,"I pass rows of fresh produce, the vibrant colors of apples and bananas catching my eye."
23f56ee705b48e16_4,23f56ee705b48e16,4,"I grab a few items, then stop at the dairy section, where I pick up a block of cheddar cheese."
23f56ee705b48e16_5,23f56ee705b48e16,5,"I check the expiration date, then add it to my cart."
23f56ee705b48e16_6,23f56ee705b48e16,6,"I pass by the bakery counter, where the scent of fresh bread lingers in the air, and I consider buying some, but decide against it."
23f56ee705b48e16_7,23f56ee705b48e16,7,"I continue on to the checkout, my cart full of essentials, my mind already planning the rest of my errands."
931e23aaef67cd64_1,931e23aaef67cd64,1,"I was walking down the aisle with a cart, trying to remember what I needed to buy."
931e23aaef67cd64_2,931e23aaef67cd64,2,"I passed by the dairy section, where a young couple was arguing over the price of cheese."
931e23aaef67cd64_3,931e23aaef67cd64,3,"I grabbed a carton of milk and a loaf of bread, then headed to the produce section, where a man in a green apron was checking the fruits for ripeness."
931e23aaef67cd64_4,931e23aaef67cd64,4,"I picked over a bin of apples, selecting a few that looked the sweetest."
931e23aaef67cd64_5,931e23aaef67cd64,5,"I grabbed a bag of oranges and a small container of grapes, then moved on to the snack aisle, where a teenager was eyeing the candy bars."
931e23aaef67cd64_6,931e23aaef67cd64,6,"I grabbed a bag of trail mix and a pack of crackers, then headed to the checkout."
931e23aaef67cd64_7,931e23aaef67cd64,7,"I paid for my items and grabbed my basket, feeling like I had everything I needed."
7a995eb6edbe8ec1_1,7a995eb6edbe8ec1,1,"I walked through the aisles of the supermarket, my basket light with a few items, trying to avoid the crowds."
7a995eb6edbe8ec1_2,7a995eb6edbe8ec1,2,The hum of fluorescent lights and the chatter of other shoppers filled the air.
7a995eb6edbe8ec1_3,7a995eb6edbe8ec1,3,"I passed the bakery section, where the sweet aroma of pastries lured me, but I kept walking, focused on my list."
7a995eb6edbe8ec1_4,7a995eb6edbe8ec1,4,"I grabbed a loaf of bread from the refrigerated section, then added a bag of oranges to the basket."
7a995eb6edbe8ec1_5,7a995eb6edbe8ec1,5,"I noticed a couple arguing in the dairy section, but I didn’t stop."
7a995eb6edbe8ec1_6,7a995eb6edbe8ec1,6,"I reached the end of the aisle and turned, my mind already on the next task: picking up a few groceries and heading home."
7a995eb6edbe8ec1_7,7a995eb6edbe8ec1,7,"The checkout line was short, and I was eager to get back to my quiet routine."
d5e4c7f7a7c188b6_1,d5e4c7f7a7c188b6,1,"I was walking down the aisle with a shopping cart, trying to remember what I needed."
d5e4c7f7a7c188b6_2,d5e4c7f7a7c188b6,2,"I passed by the cereal aisle and grabbed a box of oats, then moved on to the dairy section, where I picked up a carton of milk."
d5e4c7f7a7c188b6_3,d5e4c7f7a7c188b6,3,"I grabbed a few apples from the produce stand, making sure to check the dates."
d5e4c7f7a7c188b6_4,d5e4c7f7a7c188b6,4,"I stopped at the pharmacy to get some bandages and antiseptic wipes, then moved on to the cleaning supplies aisle, where I grabbed a new bottle of dish soap."
d5e4c7f7a7c188b6_5,d5e4c7f7a7c188b6,5,I passed by the bakery and grabbed a bag of cookies for later.
d5e4c7f7a7c188b6_6,d5e4c7f7a7c188b6,6,"I made sure to check the prices on the tags, trying to stay within my budget."
d5e4c7f7a7c188b6_7,d5e4c7f7a7c188b6,7,"I pushed the cart to the checkout, where I paid and grabbed my items, then walked out with my groceries in hand."
9fab689d91dd90d1_1,9fab689d91dd90d1,1,"I'm wandering through the aisles of a bustling supermarket, the hum of conversation and the clatter of carts around me."
9fab689d91dd90d1_2,9fab689d91dd90d1,2,"I’m in the snack aisle, trying to decide between dark chocolate and milk chocolate."
9fab689d91dd90d1_3,9fab689d91dd90d1,3,"I pick up a bag of dark chocolate and put it in my basket, then move on to the dairy section, where I grab a block of cheddar cheese."
9fab689d91dd90d1_4,9fab689d91dd90d1,4,"I pass by the bakery section, where a display of pastries catches my eye, but I resist, knowing I need to stick to my list."
9fab689d91dd90d1_5,9fab689d91dd90d1,5,I grab a loaf of sourdough and a bag of almonds.
9fab689d91dd90d1_6,9fab689d91dd90d1,6,"I check my basket, then head to the checkout, where I pay for my items and toss a few apples in the cart for good measure."
9fab689d91dd90d1_7,9fab689d91dd90d1,7,"I make my way to the exit, already thinking about what I’ll have for dinner."
ef1291abf204e1d2_1,ef1291abf204e1d2,1,"I walked through the aisles of the local supermarket, the hum of fluorescent lights and chatter of other shoppers around me."
ef1291abf204e1d2_2,ef1291abf204e1d2,2,"I grabbed a cart and made my way to the produce section, eyeing the bright, fresh fruits and vegetables."
ef1291abf204e1d2_3,ef1291abf204e1d2,3,"I picked up a carton of apples and a bag of grapes, adding them to my cart."
ef1291abf204e1d2_4,ef1291abf204e1d2,4,"I passed by the dairy section, where a woman in a green jacket was selecting cheese, and I grabbed a block of cheddar."
ef1291abf204e1d2_5,ef1291abf204e1d2,5,"I added it to my cart, then moved on to the baking aisle, where I picked up a bag of flour and a box of cake mix."
ef1291abf204e1d2_6,ef1291abf204e1d2,6,"I double-checked my list, which I had written on the back of a receipt, and made sure I had everything."
ef1291abf204e1d2_7,ef1291abf204e1d2,7,"I pushed my way past the registers, where a cashier in a yellow vest was ringing up a customer, and I approached my turn, ready to pay."
1acecd45702d8129_1,1acecd45702d8129,1,"I was walking down the aisle with a basket, passing by rows of canned goods and snack foods."
1acecd45702d8129_2,1acecd45702d8129,2,"The fluorescent lights buzzed faintly, and the hum of conversation and music from the store speakers filled the air."
1acecd45702d8129_3,1acecd45702d8129,3,"I passed a display of seasonal produce, the apples and oranges glistening under the lights."
1acecd45702d8129_4,1acecd45702d8129,4,"I grabbed a few items from the dairy section, then moved on to the bread aisle, where I picked up a loaf of sourdough."
1acecd45702d8129_5,1acecd45702d8129,5,"I noticed a coupon for 20% off on household items, so I grabbed a few cleaning supplies."
1acecd45702d8129_6,1acecd45702d8129,6,"I passed by a section of bath and beauty products, where a woman was reading the labels of various shampoos."
1acecd45702d8129_7,1acecd45702d8129,7,"I grabbed a bottle of shampoo and a bar of soap, then headed to the checkout."
1acecd45702d8129_8,1acecd45702d8129,8,"I paid with my card, then grabbed my items and walked out, the basket light with groceries."
3584cd4db9a662d0_1,3584cd4db9a662d0,1,"I was wandering through the aisles of a bustling supermarket, the hum of conversation and the clatter of carts creating a familiar rhythm."
3584cd4db9a662d0_2,3584cd4db9a662d0,2,"I passed by the produce section, where bright colors of fruits and vegetables caught my eye, and I grabbed a few apples for my family."
3584cd4db9a662d0_3,3584cd4db9a662d0,3,"I grabbed a carton of milk and a loaf of bread, adding them to my basket."
3584cd4db9a662d0_4,3584cd4db9a662d0,4,"I passed by the bakery section, where the smell of fresh pastries lured me, but I resisted, sticking to my list."
3584cd4db9a662d0_5,3584cd4db9a662d0,5,"I reached the checkout, where an elderly cashier greeted me with a smile."
3584cd4db9a662d0_6,3584cd4db9a662d0,6,"I paid for my items and grabbed my groceries, feeling a sense of accomplishment as I navigated the crowded aisles and made my way to the exit."
39cde044f940b2b6_1,39cde044f940b2b6,1,"I walked through the aisles of the supermarket, my cart rolling behind me as I passed rows of neatly arranged products."
39cde044f940b2b6_2,39cde044f940b2b6,2,The hum of fluorescent lights and the occasional clatter of other shoppers' carts filled the air.
39cde044f940b2b6_3,39cde044f940b2b6,3,"I grabbed a loaf of bread from the bakery section and added it to my cart, then picked up a few apples from the produce aisle."
39cde044f940b2b6_4,39cde044f940b2b6,4,"I passed by the dairy section, where a display of cheese caught my eye, but I decided to stick to my list."
39cde044f940b2b6_5,39cde044f940b2b6,5,"I grabbed a bottle of orange juice and a box of cereal, then made my way to the checkout."
39cde044f940b2b6_6,39cde044f940b2b6,6,I paid for my items and tossed a few candy bars into my cart for a treat.
39cde044f940b2b6_7,39cde044f940b2b6,7,"As I walked out, I noticed a coupon rack and thought about the deal, but I told myself I had already spent enough today."
0df573f8312d13a4_1,0df573f8312d13a4,1,"I was walking down the aisle with a basket, passing by the cereal and snack foods."
0df573f8312d13a4_2,0df573f8312d13a4,2,"I grabbed a box of granola and put it in my cart, then headed to the dairy section."
0df573f8312d13a4_3,0df573f8312d13a4,3,"I picked up a carton of milk and a block of cheddar cheese, adding them to the basket."
0df573f8312d13a4_4,0df573f8312d13a4,4,"I noticed a coupon for 20% off on cheese, so I grabbed another block just in case."
0df573f8312d13a4_5,0df573f8312d13a4,5,"I passed by the frozen foods, eyeing the pre-made lasagna, but decided to stick to my list."
0df573f8312d13a4_6,0df573f8312d13a4,6,"I grabbed a loaf of bread and a bag of apples, then made my way to the checkout."
0df573f8312d13a4_7,0df573f8312d13a4,7,"I paid with my card, and as I left, I saw a display of seasonal oranges on the way out."
0df573f8312d13a4_8,0df573f8312d13a4,8,"I grabbed one and put it in my basket, thinking I might need it for a snack later."
49580e4684401532_1,49580e4684401532,1,"I walked through the aisles of the supermarket, my cart rolling behind me as I grabbed a few items from the produce section."
49580e4684401532_2,49580e4684401532,2,"The fluorescent lights buzzed softly, casting a bright, even light over the neatly arranged products."
49580e4684401532_3,49580e4684401532,3,"I passed by the bakery section where the scent of warm bread wafted through the air, but I kept walking, focused on my list."
49580e4684401532_4,49580e4684401532,4,"I grabbed a bag of oranges, then a box of cereal, and a loaf of whole wheat bread."
49580e4684401532_5,49580e4684401532,5,I made sure to check the expiration dates and compare prices between the store brand and name brand.
49580e4684401532_6,49580e4684401532,6,"I passed by the dairy section, where a display of cheese caught my eye, but I didn’t stop."
49580e4684401532_7,49580e4684401532,7,"I kept my list in mind, determined to get everything I needed without distraction."
49580e4684401532_8,49580e4684401532,8,"The hum of the store continued around me as I pushed on, my mind already on the next task of organizing the groceries at home."
b6ec571b2be095f4_1,b6ec571b2be095f4,1,"I was wandering through the aisles of the local supermarket, my cart rolling behind me as I passed rows of neatly arranged products."
b6ec571b2be095f4_2,b6ec571b2be095f4,2,"The hum of fluorescent lights and the soft music playing over the speakers created a familiar, comforting rhythm."
b6ec571b2be095f4_3,b6ec571b2be095f4,3,"I passed the produce section, where bright, fresh fruits and vegetables were displayed in eye-catching arrangements."
b6ec571b2be095f4_4,b6ec571b2be095f4,4,"I grabbed a few apples and a bundle of bananas, adding them to my cart."
b6ec571b2be095f4_5,b6ec571b2be095f4,5,"As I moved on, I noticed a display of canned goods, and I grabbed a few items for my pantry."
b6ec571b2be095f4_6,b6ec571b2be095f4,6,"I passed the bakery section, where the aroma of freshly baked bread wafted through the air."
b6ec571b2be095f4_7,b6ec571b2be095f4,7,I added a loaf of sourdough to my list.
b6ec571b2be095f4_8,b6ec571b2be095f4,8,"The store was quiet, save for the occasional clatter of another shopper’s cart and the muffled voices of customers browsing."
b6ec571b2be095f4_9,b6ec571b2be095f4,9,"I made my way to the checkout, my basket light but full of essentials."
e2ff35d68d65e307_1,e2ff35d68d65e307,1,"I'm walking through the aisles of a well-lit supermarket, the hum of fluorescent lights and distant chatter of other shoppers filling the air."
e2ff35d68d65e307_2,e2ff35d68d65e307,2,"I’m grabbing a cart and heading to the produce section, where bright, crisp fruits and vegetables are displayed in neat, colorful displays."
e2ff35d68d65e307_3,e2ff35d68d65e307,3,"I pass by the dairy section, where the smell of cheese and yogurt lingers in the air."
e2ff35d68d65e307_4,e2ff35d68d65e307,4,I grab a loaf of bread from the bakery counter and add it to my cart.
e2ff35d68d65e307_5,e2ff35d68d65e307,5,"I stop at the pharmacy aisle to pick up a cold medicine for my sister, who’s been under the weather."
e2ff35d68d65e307_6,e2ff35d68d65e307,6,I check my list to make sure I didn’t miss anything.
e2ff35d68d65e307_7,e2ff35d68d65e307,7,I pass by a group of teenagers trying on clothes and a couple arguing over the price of a loaf of bread.
e2ff35d68d65e307_8,e2ff35d68d65e307,8,"I grab a few apples and a bag of oranges, then head to the checkout, my cart full of groceries for the week."
4aaa567b1222f073_1,4aaa567b1222f073,1,"I was wandering through the aisles of a busy supermarket, the hum of conversation and the clatter of carts around me."
4aaa567b1222f073_2,4aaa567b1222f073,2,"I was on a routine grocery run, trying to get a list of items I’d made earlier."
4aaa567b1222f073_3,4aaa567b1222f073,3,"I passed by the dairy section, then the fresh produce, where a couple was picking over apples."
4aaa567b1222f073_4,4aaa567b1222f073,4,I grabbed a few eggs from the refrigerated section and added them to my basket.
4aaa567b1222f073_5,4aaa567b1222f073,5,"I passed the bakery counter, where the smell of fresh bread was strong."
4aaa567b1222f073_6,4aaa567b1222f073,6,I grabbed a loaf of sourdough and added it to my cart.
4aaa567b1222f073_7,4aaa567b1222f073,7,"I made sure to pick up the items I needed, checking the prices on the tags."
4aaa567b1222f073_8,4aaa567b1222f073,8,I noticed a sale on canned beans and added those as well.
4aaa567b1222f073_9,4aaa567b1222f073,9,"I made my way to the checkout, careful not to let the items fall."
4aaa567b1222f073_10,4aaa567b1222f073,10,"I paid and grabbed my items, ready to take them home."
