var,condition,pearson_ratio,family,beta,se,z,p,n_obs,p_adj
n_entities,0.2Alpha_2000Neurons,0.0005940824550567903,Gamma,2.872963636264832e-17,,,,250,
n_entities,0.2Alpha_10000Neurons,0.0005940824550567903,Gamma,2.598413038100825e-17,,,,250,
n_entities,0.2Alpha_AllSigNeurons,0.0005940824550567903,Gamma,-0.005735690002781276,0.003901025531841535,-1.4703031179787387,0.14147967697384567,250,0.28295935394769134
n_entities,0.6Alpha_2000Neurons,0.0005940824550567903,Gamma,-0.0029064228916882732,0.0028499722937749034,-1.0198074198955103,0.3078198035081142,250,0.30781980350813465
n_entities,0.6Alpha_10000Neurons,0.0005940824550567903,Gamma,-0.002906422891688148,0.0028499722937749008,-1.0198074198954672,0.30781980350813465,250,0.30781980350813465
n_entities,0.6Alpha_AllSigNeurons,0.0005940824550567903,Gamma,-0.05026240208075009,0.01402565670531835,-3.5836041860122836,0.0003388855013611785,250,0.001355542005444714
n_entities,-0.6Alpha_2000Neurons,0.0005940824550567903,Gamma,-1.4395589250134895e-17,,,,250,
n_entities,-0.6Alpha_10000Neurons,0.0005940824550567903,Gamma,8.294593815641788e-18,,,,250,
n_entities,-0.6Alpha_AllSigNeurons,0.0005940824550567903,Gamma,9.988799334721669e-17,,,,250,
n_events,0.2Alpha_2000Neurons,0.003621439291532245,Gamma,0.008700888051546694,0.013181011477810861,0.6601077668579469,0.5091846748342588,250,0.7470425895441971
n_events,0.2Alpha_10000Neurons,0.003621439291532245,Gamma,-0.003662268215597069,0.009323178317766469,-0.39281327577079206,0.6944573986063656,250,0.7812645734321613
n_events,0.2Alpha_AllSigNeurons,0.003621439291532245,Gamma,-0.045362656830570856,0.01481787458231423,-3.061347062871833,0.002203435252386474,250,0.0066103057571594214
n_events,0.6Alpha_2000Neurons,0.003621439291532245,Gamma,-0.007147478259421507,0.01295123309871662,-0.5518762734746682,0.5810331252010422,250,0.7470425895441971
n_events,0.6Alpha_10000Neurons,0.003621439291532245,Gamma,-0.00017290235594518953,0.016592395475774322,-0.010420578282239903,0.9916857319464847,250,0.9916857319464847
n_events,0.6Alpha_AllSigNeurons,0.003621439291532245,Gamma,-0.14853172524469166,0.024691668438201704,-6.015459247577247,1.793774265407944e-09,250,1.6143968388671496e-08
n_events,-0.6Alpha_2000Neurons,0.003621439291532245,Gamma,0.006821243083397624,0.011753272425266043,0.5803696908049182,0.561665339879263,250,0.7470425895441971
n_events,-0.6Alpha_10000Neurons,0.003621439291532245,Gamma,-0.017628823883811352,0.016642517102966173,-1.059264279239911,0.2894794381067807,250,0.6513287357402565
n_events,-0.6Alpha_AllSigNeurons,0.003621439291532245,Gamma,0.04157066895024216,0.011822556273137694,3.516216627760601,0.0004377436628297312,250,0.0019698464827337904
n_tokens,0.2Alpha_2000Neurons,0.015376008234427354,Gamma,0.013503607957703587,0.0249927610714484,0.5403007662538749,0.5889896300403588,250,0.7271420203203874
n_tokens,0.2Alpha_10000Neurons,0.015376008234427354,Gamma,-0.03220485595133951,0.028078484061959126,-1.1469584996210966,0.25139877319168136,250,0.37709815978752204
n_tokens,0.2Alpha_AllSigNeurons,0.015376008234427354,Gamma,-0.027452743592832937,0.02219880483873928,-1.2366766495881336,0.21620715092549336,250,0.37709815978752204
n_tokens,0.6Alpha_2000Neurons,0.015376008234427354,Gamma,-0.07449470393817954,0.03898484042800991,-1.910863379721735,0.05602214020154587,250,0.2511605582752908
n_tokens,0.6Alpha_10000Neurons,0.015376008234427354,Gamma,-0.11936061177506138,0.03207722452763948,-3.7210392586245664,0.00019840458824500133,250,0.001785641294205012
n_tokens,0.6Alpha_AllSigNeurons,0.015376008234427354,Gamma,-0.01689379138685925,0.03681841240113812,-0.4588408430760322,0.6463484625070111,250,0.7271420203203874
n_tokens,-0.6Alpha_2000Neurons,0.015376008234427354,Gamma,-0.010719345328435506,0.03133070110535228,-0.34213550767315265,0.7322489168452231,250,0.7322489168452231
n_tokens,-0.6Alpha_10000Neurons,0.015376008234427354,Gamma,0.04573393709329574,0.026443490539213577,1.7294969824606166,0.0837201860917636,250,0.2511605582752908
n_tokens,-0.6Alpha_AllSigNeurons,0.015376008234427354,Gamma,0.037981602489705175,0.025186970598027686,1.5079861367956413,0.13155807516264664,250,0.29600566911595494
lex_density,0.2Alpha_2000Neurons,0.00027521949998695743,Gaussian,-0.006041262373671326,0.003566343942162499,-1.693965156374718,0.09027190433634062,250,0.16248942780541312
lex_density,0.2Alpha_10000Neurons,0.00027521949998695743,Gaussian,-0.0048400072617460835,0.00414558854617486,-1.1675078720033527,0.24300533115256362,250,0.31243542576758176
lex_density,0.2Alpha_AllSigNeurons,0.00027521949998695743,Gaussian,-0.008341312684245037,0.0037699752608384577,-2.2125643027137256,0.026927698392336406,250,0.06984646681898941
lex_density,0.6Alpha_2000Neurons,0.00027521949998695743,Gaussian,0.0037939622401272567,0.004148836212162572,0.9144642126399254,0.360472974261553,250,0.40553209604424717
lex_density,0.6Alpha_10000Neurons,0.00027521949998695743,Gaussian,-0.020281315926684685,0.004818228539340173,-4.209288903814032,2.5617565735667855e-05,250,0.00011527904581050535
lex_density,0.6Alpha_AllSigNeurons,0.00027521949998695743,Gaussian,-0.03522357840490231,0.0055545381925588035,-6.341405384895896,2.2767856719648478e-10,250,2.049107104768363e-09
lex_density,-0.6Alpha_2000Neurons,0.00027521949998695743,Gaussian,0.0017489297897080858,0.0043188282698356706,0.4049546961436908,0.6855108122800775,250,0.6855108122800775
lex_density,-0.6Alpha_10000Neurons,0.00027521949998695743,Gaussian,0.005899474225234041,0.004151982910576686,1.4208811433702742,0.15535131576860464,250,0.23302697365290698
lex_density,-0.6Alpha_AllSigNeurons,0.00027521949998695743,Gaussian,-0.0070978127505385786,0.0032913230128425214,-2.156522687941411,0.031042874141773074,250,0.06984646681898941
mattr,0.2Alpha_2000Neurons,0.00022010475667582114,Gaussian,0.0003248077958878491,0.0042805503119014475,0.07587991548300888,0.9395146359068731,250,0.9395146359068731
mattr,0.2Alpha_10000Neurons,0.00022010475667582114,Gaussian,0.006988675745647327,0.004177338380502268,1.6729972793841599,0.09432783162355228,250,0.42447524230598527
mattr,0.2Alpha_AllSigNeurons,0.00022010475667582114,Gaussian,0.01389525370682523,0.0042582986271249325,3.2630998724029983,0.0011020067698930523,250,0.009918060929037471
mattr,0.6Alpha_2000Neurons,0.00022010475667582114,Gaussian,0.00592458763970721,0.004319988261870886,1.371436050416815,0.17023906585227333,250,0.51071719755682
mattr,0.6Alpha_10000Neurons,0.00022010475667582114,Gaussian,0.0017265221579088504,0.004199884940239649,0.4110879660932648,0.6810080336517466,250,0.8929165433295745
mattr,0.6Alpha_AllSigNeurons,0.00022010475667582114,Gaussian,-0.002221855617262771,0.005030222006060356,-0.441701303557955,0.6587053662695932,250,0.8929165433295745
mattr,-0.6Alpha_2000Neurons,0.00022010475667582114,Gaussian,-0.0014877094895569605,0.00378775379132163,-0.3927682662388324,0.6944906448118913,250,0.8929165433295745
mattr,-0.6Alpha_10000Neurons,0.00022010475667582114,Gaussian,-0.0021836272264789637,0.003993436009498825,-0.5468041108671748,0.5845133185489362,250,0.8929165433295745
mattr,-0.6Alpha_AllSigNeurons,0.00022010475667582114,Gaussian,-0.0004356872942784917,0.003999318507141875,-0.10894038409305312,0.9132497753693446,250,0.9395146359068731
DEPID_R,0.2Alpha_2000Neurons,0.0005789154539824247,Gaussian,-0.0011310888003838238,0.006278943140872232,-0.1801399972904835,0.8570426628952108,250,0.8570426628952108
DEPID_R,0.2Alpha_10000Neurons,0.0005789154539824247,Gaussian,0.002571645661590055,0.006978996612583938,0.36848358071317594,0.7125126859119322,250,0.8015767716509238
DEPID_R,0.2Alpha_AllSigNeurons,0.0005789154539824247,Gaussian,0.004945022560760193,0.008678293426414527,0.5698150912607768,0.5688031187997512,250,0.7313182955996801
DEPID_R,0.6Alpha_2000Neurons,0.0005789154539824247,Gaussian,0.005735934626664081,0.005737720194159883,0.999688801922126,0.3174611329451299,250,0.5744418915719626
DEPID_R,0.6Alpha_10000Neurons,0.0005789154539824247,Gaussian,-0.012608641662978856,0.005882935950438416,-2.143256661164094,0.03209249476723433,250,0.1444162264525545
DEPID_R,0.6Alpha_AllSigNeurons,0.0005789154539824247,Gaussian,-0.06171781283736507,0.00901993038406766,-6.842382392039325,7.788684360946464e-12,250,7.009815924851818e-11
DEPID_R,-0.6Alpha_2000Neurons,0.0005789154539824247,Gaussian,-0.0076736810936513175,0.006067742678066336,-1.264668180704189,0.20599030086521164,250,0.5744418915719626
DEPID_R,-0.6Alpha_10000Neurons,0.0005789154539824247,Gaussian,-0.006265776852457103,0.006289435950865188,-0.996238279776928,0.31913438420664586,250,0.5744418915719626
DEPID_R,-0.6Alpha_AllSigNeurons,0.0005789154539824247,Gaussian,0.0034613535220888916,0.005403667045282612,0.6405564023621042,0.5218109329793266,250,0.7313182955996801
LexicalH,0.2Alpha_2000Neurons,0.00017645678329497377,Gamma,0.0013101947728791836,0.003966704382738571,0.33029806268916845,0.7411747566266598,250,0.8338216012049923
LexicalH,0.2Alpha_10000Neurons,0.00017645678329497377,Gamma,-0.0003954409570248133,0.004010510120347383,-0.09860116173714104,0.9214549475848799,250,0.9214549475848799
LexicalH,0.2Alpha_AllSigNeurons,0.00017645678329497377,Gamma,-0.004538730766904795,0.003549607697020767,-1.2786570106646469,0.20101786441388625,250,0.3072929643389179
LexicalH,0.6Alpha_2000Neurons,0.00017645678329497377,Gamma,0.0029512062706781414,0.003824536241107491,0.7716507530919736,0.440321305774962,250,0.5661273931392368
LexicalH,0.6Alpha_10000Neurons,0.00017645678329497377,Gamma,-0.018111134861251103,0.004232341385245479,-4.279223534374848,1.8754643504221657e-05,250,5.6263930512664974e-05
LexicalH,0.6Alpha_AllSigNeurons,0.00017645678329497377,Gamma,-0.025656380387684585,0.004336577103937317,-5.916274465497301,3.2931550769154342e-09,250,2.963839569223891e-08
LexicalH,-0.6Alpha_2000Neurons,0.00017645678329497377,Gamma,-0.005215555052516741,0.003873804477318646,-1.3463650741936315,0.17818480875140896,250,0.3072929643389179
LexicalH,-0.6Alpha_10000Neurons,0.00017645678329497377,Gamma,0.005127832131894956,0.0040446034652262906,1.2678207334740688,0.20486197622594526,250,0.3072929643389179
LexicalH,-0.6Alpha_AllSigNeurons,0.00017645678329497377,Gamma,0.017371535201776426,0.0038691351428217337,4.489772148177663,7.129939985763178e-06,250,3.20847299359343e-05
clause_ratio,0.2Alpha_2000Neurons,0.00022246106085196886,Gaussian,-0.008007280162873992,0.003695594554580701,-2.1667095901927182,0.030257004882512466,250,0.13455110906938006
clause_ratio,0.2Alpha_10000Neurons,0.00022246106085196886,Gaussian,-0.0018992734779496295,0.0023637644152888133,-0.8034952492156751,0.4216885415746193,250,0.5529744922375953
clause_ratio,0.2Alpha_AllSigNeurons,0.00022246106085196886,Gaussian,-0.00020647391578151043,0.0030249133077044936,-0.06825779610133575,0.9455804195673554,250,0.9620929448619989
clause_ratio,0.6Alpha_2000Neurons,0.00022246106085196886,Gaussian,-0.0028909056009070204,0.0034555158206328366,-0.8366060961566038,0.4028140178109677,250,0.5529744922375953
clause_ratio,0.6Alpha_10000Neurons,0.00022246106085196886,Gaussian,-0.0134051370292204,0.004850506905897533,-2.7636569309738825,0.005715759975155938,250,0.051441839776403445
clause_ratio,0.6Alpha_AllSigNeurons,0.00022246106085196886,Gaussian,0.004813981377383684,0.006101096235767191,0.7890354767987598,0.4300912717403519,250,0.5529744922375953
clause_ratio,-0.6Alpha_2000Neurons,0.00022246106085196886,Gaussian,-0.00015701062132876095,0.003303585646448517,-0.047527334881586454,0.9620929448619989,250,0.9620929448619989
clause_ratio,-0.6Alpha_10000Neurons,0.00022246106085196886,Gaussian,0.005654078286700382,0.002818505976837491,2.0060550991077015,0.04485036968979335,250,0.13455110906938006
clause_ratio,-0.6Alpha_AllSigNeurons,0.00022246106085196886,Gaussian,-0.004645394967080704,0.003041213974991326,-1.5274804749948427,0.12664157873795415,250,0.28494355216039685
