task,metric,metric_label,contrast,comparison,scope,condition_a,condition_b,mean_a,mean_b,raw_mean_difference_a_minus_b,gee_estimate,se,z,p,family,pearson_ratio,n_obs,converged,q,significant_fdr
Verbal fluency,Animal,Animal fluency,Random 10k vs Original,random_vs_original,10000,0.6Alpha_10000RandomNeurons,Original,14.92,14.8,0.11999999999999922,0.12000000000000036,0.25499803920814634,0.47059185385362273,0.6379322260260682,Gaussian identity,3.459166666666667,125,True,0.6379322260260682,False
Verbal fluency,Animal,Animal fluency,Random AllSig vs Original,random_vs_original,AllSig,0.6Alpha_AllSigRandomNeurons,Original,10.0,14.8,-4.800000000000001,-4.800000000000001,0.6374950980203666,-7.529469661657933,5.094682118248619e-14,Gaussian identity,3.459166666666667,125,True,1.0189364236497238e-13,True
Verbal fluency,Animal,Animal fluency,Random 10k vs AD 10k,random_vs_ad,10000,0.6Alpha_10000RandomNeurons,0.6Alpha_10000Neurons,14.92,14.08,0.8399999999999999,0.8399999999999997,0.5143695169817126,1.6330672255406307,0.10245485872102089,Gaussian identity,3.459166666666667,125,True,0.13660647829469452,False
Verbal fluency,Animal,Animal fluency,Random AllSig vs AD AllSig,random_vs_ad,AllSig,0.6Alpha_AllSigRandomNeurons,0.6Alpha_AllSigNeurons,10.0,0.0,10.0,10.0,0.6645299090334462,15.048231635721145,3.54586432917997e-51,Gaussian identity,3.459166666666667,125,True,1.418345731671988e-50,True
Verbal fluency,Letter,Letter fluency,Random 10k vs Original,random_vs_original,10000,0.6Alpha_10000RandomNeurons,Original,10.4,11.28,-0.879999999999999,-0.8800000000000002,1.0281167248906982,-0.8559339408602222,0.3920343198753513,Gaussian identity,14.852500000000001,125,True,0.3920343198753513,False
Verbal fluency,Letter,Letter fluency,Random AllSig vs Original,random_vs_original,AllSig,0.6Alpha_AllSigRandomNeurons,Original,6.88,11.28,-4.3999999999999995,-4.4,1.0399999999999907,-4.230769230769269,2.3289350749510298e-05,Gaussian identity,14.852500000000001,125,True,4.6578701499020595e-05,True
Verbal fluency,Letter,Letter fluency,Random 10k vs AD 10k,random_vs_ad,10000,0.6Alpha_10000RandomNeurons,0.6Alpha_10000Neurons,10.4,9.24,1.1600000000000001,1.1600000000000001,0.9272410689782891,1.251023103709356,0.21092604836636442,Gaussian identity,14.852500000000001,125,True,0.2812347311551526,False
Verbal fluency,Letter,Letter fluency,Random AllSig vs AD AllSig,random_vs_ad,AllSig,0.6Alpha_AllSigRandomNeurons,0.6Alpha_AllSigNeurons,6.88,0.0,6.88,6.879999999999999,0.7511484540355523,9.159307941109555,5.2231197677178155e-20,Gaussian identity,14.852500000000001,125,True,2.0892479070871262e-19,True
Coreference resolution,Coref_score,Total score,Random 10k vs Original,random_vs_original,10000,0.6Alpha_10000RandomNeurons,Original,3.76,3.3,0.45999999999999996,0.46,0.22076231562474416,2.083688960673508,0.0371884690278088,Gaussian identity,3.243416666666666,125,True,0.0371884690278088,True
Coreference resolution,Coref_score,Total score,Random AllSig vs Original,random_vs_original,AllSig,0.6Alpha_AllSigRandomNeurons,Original,2.08,3.3,-1.2199999999999998,-1.22,0.3287308929808679,-3.711242314153309,0.00020624455449916925,Gaussian identity,3.243416666666666,125,True,0.00027499273933222565,True
Coreference resolution,Coref_score,Total score,Random 10k vs AD 10k,random_vs_ad,10000,0.6Alpha_10000RandomNeurons,0.6Alpha_10000Neurons,3.76,1.0,2.76,2.76,0.1627759195950065,16.95582495781316,1.742977133231924e-64,Gaussian identity,3.243416666666666,125,True,6.971908532927696e-64,True
Coreference resolution,Coref_score,Total score,Random AllSig vs AD AllSig,random_vs_ad,AllSig,0.6Alpha_AllSigRandomNeurons,0.6Alpha_AllSigNeurons,2.08,-2.48,4.5600000000000005,4.5600000000000005,0.7737286346000133,5.893539150657566,3.7801048638702225e-09,Gaussian identity,3.243416666666666,125,True,7.560209727740445e-09,True
Procedural discourse,procedure_key_steps_score,Key procedural steps,Random 10k vs Original,random_vs_original,10000,0.6Alpha_10000RandomNeurons,Original,6.0,6.0,0.0,2.2097533989729183e-16,0.0,0.0,1.0,Gaussian identity,1.8663333333333332,125,True,1.0,False
Procedural discourse,procedure_key_steps_score,Key procedural steps,Random AllSig vs Original,random_vs_original,AllSig,0.6Alpha_AllSigRandomNeurons,Original,5.92,6.0,-0.08000000000000007,-0.07999999999999961,0.05425863986500144,-1.4744195615489832,0.14036866077167004,Gaussian identity,1.8663333333333332,125,True,0.2807373215433401,False
Procedural discourse,procedure_key_steps_score,Key procedural steps,Random 10k vs AD 10k,random_vs_ad,10000,0.6Alpha_10000RandomNeurons,0.6Alpha_10000Neurons,6.0,6.0,0.0,-3.12326119827895e-17,0.0,0.0,1.0,Gaussian identity,1.8663333333333332,125,True,1.0,False
Procedural discourse,procedure_key_steps_score,Key procedural steps,Random AllSig vs AD AllSig,random_vs_ad,AllSig,0.6Alpha_AllSigRandomNeurons,0.6Alpha_AllSigNeurons,5.92,2.64,3.28,3.2800000000000002,0.6000533309631741,5.466180805521263,4.598353112467682e-08,Gaussian identity,1.8663333333333332,125,True,1.8393412449870728e-07,True
Working memory,dg_backward,DG backward,Random 10k vs Original,random_vs_original,10000,0.6Alpha_10000RandomNeurons,Original,1.0,1.0,0.0,1.5724101308878684e-17,0.0,0.0,1.0,Gaussian identity,0.07616666666666667,125,True,1.0,False
Working memory,dg_backward,DG backward,Random AllSig vs Original,random_vs_original,AllSig,0.6Alpha_AllSigRandomNeurons,Original,0.96,1.0,-0.040000000000000036,-0.03999999999999994,0.03919183588453079,-1.0206207261596576,0.30743416592739536,Gaussian identity,0.07616666666666667,125,True,0.40991222123652715,False
Working memory,dg_backward,DG backward,Random 10k vs AD 10k,random_vs_ad,10000,0.6Alpha_10000RandomNeurons,0.6Alpha_10000Neurons,1.0,0.44,0.56,0.5599999999999999,0.0992773891679269,5.640760748177659,1.693004726116544e-08,Gaussian identity,0.07616666666666667,125,True,3.386009452233088e-08,True
Working memory,dg_backward,DG backward,Random AllSig vs AD AllSig,random_vs_ad,AllSig,0.6Alpha_AllSigRandomNeurons,0.6Alpha_AllSigNeurons,0.96,0.08,0.88,0.88,0.06499230723708774,13.54006400772659,9.070984467174452e-42,Gaussian identity,0.07616666666666667,125,True,3.6283937868697806e-41,True
Working memory,dg_forward,DG forward,Random 10k vs Original,random_vs_original,10000,0.6Alpha_10000RandomNeurons,Original,1.0,1.0,0.0,1.972291365096741e-17,1.517662705612589e-09,1.2995584313977365e-08,0.9999999896310239,Gaussian identity,0.04799999999999999,125,True,0.9999999896310239,False
Working memory,dg_forward,DG forward,Random AllSig vs Original,random_vs_original,AllSig,0.6Alpha_AllSigRandomNeurons,Original,1.0,1.0,0.0,-2.7779437875208687e-17,1.375063547252566e-09,-2.020229387268185e-08,0.9999999838809016,Gaussian identity,0.04799999999999999,125,True,0.9999999896310239,False
Working memory,dg_forward,DG forward,Random 10k vs AD 10k,random_vs_ad,10000,0.6Alpha_10000RandomNeurons,0.6Alpha_10000Neurons,1.0,1.0,0.0,1.1355391453526892e-17,4.109983937337058e-10,2.7628797646553044e-08,0.999999977955409,Gaussian identity,0.04799999999999999,125,True,0.9999999896310239,False
Working memory,dg_forward,DG forward,Random AllSig vs AD AllSig,random_vs_ad,AllSig,0.6Alpha_AllSigRandomNeurons,0.6Alpha_AllSigNeurons,1.0,0.36,0.64,0.64,0.09600000000000007,6.666666666666662,2.6167849372106934e-11,Gaussian identity,0.04799999999999999,125,True,1.0467139748842774e-10,True
Working memory,dglt_backward,DGLT backward,Random 10k vs Original,random_vs_original,10000,0.6Alpha_10000RandomNeurons,Original,0.96,1.0,-0.040000000000000036,-0.03999999999999998,0.0391918358845307,-1.020620726159661,0.3074341659273937,Gaussian identity,0.022999999999999996,125,True,0.3074341659273937,False
Working memory,dglt_backward,DGLT backward,Random AllSig vs Original,random_vs_original,AllSig,0.6Alpha_AllSigRandomNeurons,Original,0.08,1.0,-0.92,-0.92,0.054258639865001956,-16.95582495781323,1.7429771332297862e-64,Gaussian identity,0.022999999999999996,125,True,3.4859542664595724e-64,True
Working memory,dglt_backward,DGLT backward,Random 10k vs AD 10k,random_vs_ad,10000,0.6Alpha_10000RandomNeurons,0.6Alpha_10000Neurons,0.96,0.0,0.96,0.96,0.039191835884530866,24.49489742783177,1.674167984692074e-132,Gaussian identity,0.022999999999999996,125,True,6.696671938768297e-132,True
Working memory,dglt_backward,DGLT backward,Random AllSig vs AD AllSig,random_vs_ad,AllSig,0.6Alpha_AllSigRandomNeurons,0.6Alpha_AllSigNeurons,0.08,0.0,0.08,0.07999999999999996,0.05425863986500217,1.47441956154897,0.14036866077167362,Gaussian identity,0.022999999999999996,125,True,0.18715821436223148,False
Working memory,dglt_forward,DGLT forward,Random 10k vs Original,random_vs_original,10000,0.6Alpha_10000RandomNeurons,Original,1.0,1.0,0.0,-2.7214253457231205e-18,0.0,0.0,1.0,Gaussian identity,0.04199999999999998,125,True,1.0,False
Working memory,dglt_forward,DGLT forward,Random AllSig vs Original,random_vs_original,AllSig,0.6Alpha_AllSigRandomNeurons,Original,1.0,1.0,0.0,-2.4060693106072073e-17,0.0,0.0,1.0,Gaussian identity,0.04199999999999998,125,True,1.0,False
Working memory,dglt_forward,DGLT forward,Random 10k vs AD 10k,random_vs_ad,10000,0.6Alpha_10000RandomNeurons,0.6Alpha_10000Neurons,1.0,1.0,0.0,-6.6857326966317575e-18,0.0,0.0,1.0,Gaussian identity,0.04199999999999998,125,True,1.0,False
Working memory,dglt_forward,DGLT forward,Random AllSig vs AD AllSig,random_vs_ad,AllSig,0.6Alpha_AllSigRandomNeurons,0.6Alpha_AllSigNeurons,1.0,0.28,0.72,0.72,0.08979977728257467,8.017837257372724,1.0762326697521405e-15,Gaussian identity,0.04199999999999998,125,True,4.304930679008562e-15,True
Immediate recall,immediate_entity_n,Entities recalled,Random 10k vs Original,random_vs_original,10000,0.6Alpha_10000RandomNeurons,Original,6.92,7.0,-0.08000000000000007,-0.0800000000000001,0.05425863986500195,-1.4744195615489786,0.14036866077167132,Gaussian identity,0.08175,125,True,0.18715821436222843,False
Immediate recall,immediate_entity_n,Entities recalled,Random AllSig vs Original,random_vs_original,AllSig,0.6Alpha_AllSigRandomNeurons,Original,6.88,7.0,-0.1200000000000001,-0.12000000000000004,0.06499230723708732,-1.8463723646900019,0.06483815699206488,Gaussian identity,0.08175,125,True,0.12967631398412977,False
Immediate recall,immediate_entity_n,Entities recalled,Random 10k vs AD 10k,random_vs_ad,10000,0.6Alpha_10000RandomNeurons,0.6Alpha_10000Neurons,6.92,6.98,-0.0600000000000005,-0.06000000000000011,0.0587877538267963,-1.020620726159659,0.3074341659273947,Gaussian identity,0.08175,125,True,0.3074341659273947,False
Immediate recall,immediate_entity_n,Entities recalled,Random AllSig vs AD AllSig,random_vs_ad,AllSig,0.6Alpha_AllSigRandomNeurons,0.6Alpha_AllSigNeurons,6.88,6.66,0.21999999999999975,0.21999999999999964,0.10613199329137286,2.07289049397212,0.03818247191368397,Gaussian identity,0.08175,125,True,0.12967631398412977,False
Immediate recall,immediate_event_n,Events recalled,Random 10k vs Original,random_vs_original,10000,0.6Alpha_10000RandomNeurons,Original,11.4,11.38,0.019999999999999574,0.02000000000000002,0.1928315326911014,0.10371747670562886,0.9173935570506471,Gaussian identity,0.6401249999999999,125,True,0.9214939304510664,False
Immediate recall,immediate_event_n,Events recalled,Random AllSig vs Original,random_vs_original,AllSig,0.6Alpha_AllSigRandomNeurons,Original,10.64,11.38,-0.7400000000000002,-0.7400000000000003,0.23852882425400715,-3.1023504279381395,0.0019199054068018745,Gaussian identity,0.6401249999999999,125,True,0.003839810813603749,True
Immediate recall,immediate_event_n,Events recalled,Random 10k vs AD 10k,random_vs_ad,10000,0.6Alpha_10000RandomNeurons,0.6Alpha_10000Neurons,11.4,11.38,0.019999999999999574,0.019999999999999643,0.20293841430345325,0.09855206599817863,0.9214939304510664,Gaussian identity,0.6401249999999999,125,True,0.9214939304510664,False
Immediate recall,immediate_event_n,Events recalled,Random AllSig vs AD AllSig,random_vs_ad,AllSig,0.6Alpha_AllSigRandomNeurons,0.6Alpha_AllSigNeurons,10.64,9.82,0.8200000000000003,0.8199999999999991,0.2414622123645853,3.3959765048531736,0.0006838422928488057,Gaussian identity,0.6401249999999999,125,True,0.0027353691713952227,True
Delayed recall,delay_entity_n,Entities recalled,Random 10k vs Original,random_vs_original,10000,0.6Alpha_10000RandomNeurons,Original,7.0,6.96,0.040000000000000036,0.039999999999999966,0.027129319932500794,1.4744195615489852,0.14036866077166946,Gaussian identity,0.15550000000000003,125,True,0.18715821436222593,False
Delayed recall,delay_entity_n,Entities recalled,Random AllSig vs Original,random_vs_original,AllSig,0.6Alpha_AllSigRandomNeurons,Original,6.8,6.96,-0.16000000000000014,-0.1599999999999997,0.08818163074019404,-1.814436846506062,0.0696104973294964,Gaussian identity,0.15550000000000003,125,True,0.1392209946589928,False
Delayed recall,delay_entity_n,Entities recalled,Random 10k vs AD 10k,random_vs_ad,10000,0.6Alpha_10000RandomNeurons,0.6Alpha_10000Neurons,7.0,6.92,0.08000000000000007,0.07999999999999988,0.03666060555964673,2.1821789023599196,0.0290963317412525,Gaussian identity,0.15550000000000003,125,True,0.11638532696501,False
Delayed recall,delay_entity_n,Entities recalled,Random AllSig vs AD AllSig,random_vs_ad,AllSig,0.6Alpha_AllSigRandomNeurons,0.6Alpha_AllSigNeurons,6.8,6.58,0.21999999999999975,0.22000000000000008,0.16752313273097552,1.3132514681020016,0.1890982261822366,Gaussian identity,0.15550000000000003,125,True,0.1890982261822366,False
Delayed recall,delay_event_n,Events recalled,Random 10k vs Original,random_vs_original,10000,0.6Alpha_10000RandomNeurons,Original,11.4,11.46,-0.0600000000000005,-0.05999999999999963,0.17045820602129855,-0.35199244084795017,0.7248439314993083,Gaussian identity,0.6877916666666667,125,True,0.8053091914035355,False
Delayed recall,delay_event_n,Events recalled,Random AllSig vs Original,random_vs_original,AllSig,0.6Alpha_AllSigRandomNeurons,Original,10.72,11.46,-0.7400000000000002,-0.7399999999999997,0.2639999999999982,-2.803030303030321,0.005062491244998035,Gaussian identity,0.6877916666666667,125,True,0.02024996497999214,True
Delayed recall,delay_event_n,Events recalled,Random 10k vs AD 10k,random_vs_ad,10000,0.6Alpha_10000RandomNeurons,0.6Alpha_10000Neurons,11.4,11.44,-0.03999999999999915,-0.039999999999999536,0.16228370220080643,-0.24648192922357898,0.8053091914035355,Gaussian identity,0.6877916666666667,125,True,0.8053091914035355,False
Delayed recall,delay_event_n,Events recalled,Random AllSig vs AD AllSig,random_vs_ad,AllSig,0.6Alpha_AllSigRandomNeurons,0.6Alpha_AllSigNeurons,10.72,9.94,0.7800000000000011,0.7799999999999997,0.30734996339677695,2.5378236306898456,0.011154418213538665,Gaussian identity,0.6877916666666667,125,True,0.02230883642707733,True
Scene construction,scene_ep_span_rate,Episodic details,Random 10k vs Original,random_vs_original,10000,0.6Alpha_10000RandomNeurons,Original,0.9172453102453102,0.9293718219345155,-0.01212651168920531,-0.012126511689205218,0.02335900265053513,-0.5191365346639666,0.6036655325583414,Gaussian identity,0.041631959074511594,125,True,0.6036655325583414,False
Scene construction,scene_ep_span_rate,Episodic details,Random AllSig vs Original,random_vs_original,AllSig,0.6Alpha_AllSigRandomNeurons,Original,0.8544416694416693,0.9293718219345155,-0.07493015249284618,-0.07493015249284603,0.020477332125342747,-3.6591755231684924,0.00025302799703130367,Gaussian identity,0.041631959074511594,125,True,0.0010121119881252147,True
Scene construction,scene_ep_span_rate,Episodic details,Random 10k vs AD 10k,random_vs_ad,10000,0.6Alpha_10000RandomNeurons,0.6Alpha_10000Neurons,0.9172453102453102,0.8690944475201441,0.04815086272516611,0.04815086272516611,0.01999067627143271,2.408666023669003,0.016010942122731124,Gaussian identity,0.041631959074511594,125,True,0.021347922830308164,True
Scene construction,scene_ep_span_rate,Episodic details,Random AllSig vs AD AllSig,random_vs_ad,AllSig,0.6Alpha_AllSigRandomNeurons,0.6Alpha_AllSigNeurons,0.8544416694416693,0.5990425655131874,0.255399103928482,0.25539910392848203,0.08985368029387361,2.8423889048637623,0.004477683367544426,Gaussian identity,0.041631959074511594,125,True,0.008955366735088852,True
Scene construction,scene_nonep_span_rate,Non-episodic details,Random 10k vs Original,random_vs_original,10000,0.6Alpha_10000RandomNeurons,Original,0.08275468975468975,0.06839907589830187,0.01435561385638788,0.014355613856387882,0.023100216603971695,0.6214493180951245,0.5343040313057159,Gaussian identity,0.006508082243145051,125,True,0.6037880294555475,False
Scene construction,scene_nonep_span_rate,Non-episodic details,Random AllSig vs Original,random_vs_original,AllSig,0.6Alpha_AllSigRandomNeurons,Original,0.14555833055833053,0.06839907589830187,0.07715925466002867,0.07715925466002868,0.019902222859482375,3.8769164230952375,0.0001057886767738486,Gaussian identity,0.006508082243145051,125,True,0.0004231547070953944,True
Scene construction,scene_nonep_span_rate,Non-episodic details,Random 10k vs AD 10k,random_vs_ad,10000,0.6Alpha_10000RandomNeurons,0.6Alpha_10000Neurons,0.08275468975468975,0.09316534016379215,-0.010410650409102398,-0.010410650409102393,0.020060569171909157,-0.5189608689508391,0.6037880294555475,Gaussian identity,0.006508082243145051,125,True,0.6037880294555475,False
Scene construction,scene_nonep_span_rate,Non-episodic details,Random AllSig vs AD AllSig,random_vs_ad,AllSig,0.6Alpha_AllSigRandomNeurons,0.6Alpha_AllSigNeurons,0.14555833055833053,0.07656060908998717,0.06899772146834336,0.06899772146834338,0.02230128442033385,3.093890027492438,0.0019755069860123023,Gaussian identity,0.006508082243145051,125,True,0.003951013972024605,True
