task,metric,metric_label,scope,random_mean,original_mean,random_minus_original,p_random_vs_original,q_random_vs_original,ad_guided_mean,random_minus_ad_guided,p_random_vs_ad,q_random_vs_ad,interpretation
Verbal fluency,Animal,Animal fluency,10000,14.92,14.8,0.11999999999999922,0.6379322260260682,0.6379322260260682,14.08,0.8399999999999999,0.10245485872102089,0.13660647829469452,No FDR-significant random-control evidence
Verbal fluency,Animal,Animal fluency,AllSig,10.0,14.8,-4.800000000000001,5.094682118248619e-14,1.0189364236497238e-13,0.0,10.0,3.54586432917997e-51,1.418345731671988e-50,Random perturbation occurs but differs from AD-guided editing
Verbal fluency,Letter,Letter fluency,10000,10.4,11.28,-0.879999999999999,0.3920343198753513,0.3920343198753513,9.24,1.1600000000000001,0.21092604836636442,0.2812347311551526,No FDR-significant random-control evidence
Verbal fluency,Letter,Letter fluency,AllSig,6.88,11.28,-4.3999999999999995,2.3289350749510298e-05,4.6578701499020595e-05,0.0,6.88,5.2231197677178155e-20,2.0892479070871262e-19,Random perturbation occurs but differs from AD-guided editing
Coreference resolution,Coref_score,Total score,10000,3.76,3.3,0.45999999999999996,0.0371884690278088,0.0371884690278088,1.0,2.76,1.742977133231924e-64,6.971908532927696e-64,Random perturbation occurs but differs from AD-guided editing
Coreference resolution,Coref_score,Total score,AllSig,2.08,3.3,-1.2199999999999998,0.00020624455449916925,0.00027499273933222565,-2.48,4.5600000000000005,3.7801048638702225e-09,7.560209727740445e-09,Random perturbation occurs but differs from AD-guided editing
Procedural discourse,procedure_key_steps_score,Key procedural steps,10000,6.0,6.0,0.0,1.0,1.0,6.0,0.0,1.0,1.0,No FDR-significant random-control evidence
Procedural discourse,procedure_key_steps_score,Key procedural steps,AllSig,5.92,6.0,-0.08000000000000007,0.14036866077167004,0.2807373215433401,2.64,3.28,4.598353112467682e-08,1.8393412449870728e-07,Selection-specific evidence
Working memory,dg_backward,DG backward,10000,1.0,1.0,0.0,1.0,1.0,0.44,0.56,1.693004726116544e-08,3.386009452233088e-08,Selection-specific evidence
Working memory,dg_backward,DG backward,AllSig,0.96,1.0,-0.040000000000000036,0.30743416592739536,0.40991222123652715,0.08,0.88,9.070984467174452e-42,3.6283937868697806e-41,Selection-specific evidence
Working memory,dg_forward,DG forward,10000,1.0,1.0,0.0,0.9999999896310239,0.9999999896310239,1.0,0.0,0.999999977955409,0.9999999896310239,No FDR-significant random-control evidence
Working memory,dg_forward,DG forward,AllSig,1.0,1.0,0.0,0.9999999838809016,0.9999999896310239,0.36,0.64,2.6167849372106934e-11,1.0467139748842774e-10,Selection-specific evidence
Working memory,dglt_backward,DGLT backward,10000,0.96,1.0,-0.040000000000000036,0.3074341659273937,0.3074341659273937,0.0,0.96,1.674167984692074e-132,6.696671938768297e-132,Selection-specific evidence
Working memory,dglt_backward,DGLT backward,AllSig,0.08,1.0,-0.92,1.7429771332297862e-64,3.4859542664595724e-64,0.0,0.08,0.14036866077167362,0.18715821436223148,Likely non-specific perturbation
Working memory,dglt_forward,DGLT forward,10000,1.0,1.0,0.0,1.0,1.0,1.0,0.0,1.0,1.0,No FDR-significant random-control evidence
Working memory,dglt_forward,DGLT forward,AllSig,1.0,1.0,0.0,1.0,1.0,0.28,0.72,1.0762326697521405e-15,4.304930679008562e-15,Selection-specific evidence
Immediate recall,immediate_entity_n,Entities recalled,10000,6.92,7.0,-0.08000000000000007,0.14036866077167132,0.18715821436222843,6.98,-0.0600000000000005,0.3074341659273947,0.3074341659273947,No FDR-significant random-control evidence
Immediate recall,immediate_entity_n,Entities recalled,AllSig,6.88,7.0,-0.1200000000000001,0.06483815699206488,0.12967631398412977,6.66,0.21999999999999975,0.03818247191368397,0.12967631398412977,No FDR-significant random-control evidence
Immediate recall,immediate_event_n,Events recalled,10000,11.4,11.38,0.019999999999999574,0.9173935570506471,0.9214939304510664,11.38,0.019999999999999574,0.9214939304510664,0.9214939304510664,No FDR-significant random-control evidence
Immediate recall,immediate_event_n,Events recalled,AllSig,10.64,11.38,-0.7400000000000002,0.0019199054068018745,0.003839810813603749,9.82,0.8200000000000003,0.0006838422928488057,0.0027353691713952227,Random perturbation occurs but differs from AD-guided editing
Delayed recall,delay_entity_n,Entities recalled,10000,7.0,6.96,0.040000000000000036,0.14036866077166946,0.18715821436222593,6.92,0.08000000000000007,0.0290963317412525,0.11638532696501,No FDR-significant random-control evidence
Delayed recall,delay_entity_n,Entities recalled,AllSig,6.8,6.96,-0.16000000000000014,0.0696104973294964,0.1392209946589928,6.58,0.21999999999999975,0.1890982261822366,0.1890982261822366,No FDR-significant random-control evidence
Delayed recall,delay_event_n,Events recalled,10000,11.4,11.46,-0.0600000000000005,0.7248439314993083,0.8053091914035355,11.44,-0.03999999999999915,0.8053091914035355,0.8053091914035355,No FDR-significant random-control evidence
Delayed recall,delay_event_n,Events recalled,AllSig,10.72,11.46,-0.7400000000000002,0.005062491244998035,0.02024996497999214,9.94,0.7800000000000011,0.011154418213538665,0.02230883642707733,Random perturbation occurs but differs from AD-guided editing
Scene construction,scene_ep_span_rate,Episodic details,10000,0.9172453102453102,0.9293718219345155,-0.01212651168920531,0.6036655325583414,0.6036655325583414,0.8690944475201441,0.04815086272516611,0.016010942122731124,0.021347922830308164,Selection-specific evidence
Scene construction,scene_ep_span_rate,Episodic details,AllSig,0.8544416694416693,0.9293718219345155,-0.07493015249284618,0.00025302799703130367,0.0010121119881252147,0.5990425655131874,0.255399103928482,0.004477683367544426,0.008955366735088852,Random perturbation occurs but differs from AD-guided editing
Scene construction,scene_nonep_span_rate,Non-episodic details,10000,0.08275468975468975,0.06839907589830187,0.01435561385638788,0.5343040313057159,0.6037880294555475,0.09316534016379215,-0.010410650409102398,0.6037880294555475,0.6037880294555475,No FDR-significant random-control evidence
Scene construction,scene_nonep_span_rate,Non-episodic details,AllSig,0.14555833055833053,0.06839907589830187,0.07715925466002867,0.0001057886767738486,0.0004231547070953944,0.07656060908998717,0.06899772146834336,0.0019755069860123023,0.003951013972024605,Random perturbation occurs but differs from AD-guided editing
