ID,Condition,Role,alpha_signed,neurons,bot,bot_clean,Correct,total_num,correctness_ratio
b68377eaceb6dd0e,-0.6Alpha_10000Neurons,accountant,-0.6α,10000,"cat,car,chair,cloud,computer,chair,clock,cow,cake,cup,carpet,can,cat,city,chair,car","cat,car,chair,cloud,computer,chair,clock,cow,cake,cup,carpet,can,cat,city,chair,car",yes,12.0,0.75
b45c50cd638f3f88,-0.6Alpha_10000Neurons,airport ground staff,-0.6α,10000,"cat, car, cake, chair, clock, cloud, cow, computer, camera, cup, coin, city, color, country, carol","cat, car, cake, chair, clock, cloud, cow, computer, camera, cup, coin, city, color, country, carol",yes,15.0,1.0
a7748adde1db7e07,-0.6Alpha_10000Neurons,architect,-0.6α,10000,"cat, car, chair, cloud, clock, city, camera, computer, candy, cake, cricket, cow, chair, coffee, carpet","cat, car, chair, cloud, clock, city, camera, computer, candy, cake, cricket, cow, chair, coffee, carpet",yes,14.0,0.9333333333333333
4a61492dd69bf489,-0.6Alpha_10000Neurons,bank clerk,-0.6α,10000,"cat, car, cake, chair, clock, cloud, cow, computer, cup, car, cat, cake, chair, clock, cloud","cat, car, cake, chair, clock, cloud, cow, computer, cup, car, cat, cake, chair, clock, cloud",yes,9.0,0.6
206a1264a38e8fb8,-0.6Alpha_10000Neurons,builder,-0.6α,10000,"cat,car,chair,clock,cloud,city,computer,carpet,cake,carrot,cow,coffee,cup,can,chair","cat,car,chair,clock,cloud,city,computer,carpet,cake,carrot,cow,coffee,cup,can,chair",yes,14.0,0.9333333333333333
a8426571676d8535,-0.6Alpha_10000Neurons,civil servant,-0.6α,10000,"cat,car,chair,cloud,clock,cake,carpet,computer,chairman,city,color,coffee,cow,circle,chicken","cat,car,chair,cloud,clock,cake,carpet,computer,chairman,city,color,coffee,cow,circle,chicken",yes,15.0,1.0
3ac22ffe1f4df9a2,-0.6Alpha_10000Neurons,cleaner,-0.6α,10000,"cat, car, cake, chair, clock, cloud, cow, computer, cup, cake, city, color, country, car, camera","cat, car, cake, chair, clock, cloud, cow, computer, cup, cake, city, color, country, car, camera",yes,13.0,0.8666666666666667
aacec48a3ba6aefe,-0.6Alpha_10000Neurons,doctor,-0.6α,10000,"cat,car,chair,cloud,clock,computer,carpet,cake,coffee,cow,circle,can,catfish,cherry,chalk","cat,car,chair,cloud,clock,computer,carpet,cake,coffee,cow,circle,can,catfish,cherry,chalk",yes,15.0,1.0
8fb1aa6e509c08f9,-0.6Alpha_10000Neurons,emergency dispatcher,-0.6α,10000,"cat, car, cloud, clock, chair, camera, computer, city, coffee, cake, carrot, cricket, cow, canoe, cake","cat, car, cloud, clock, chair, camera, computer, city, coffee, cake, carrot, cricket, cow, canoe, cake",yes,14.0,0.9333333333333333
fbe8651cdffbb86d,-0.6Alpha_10000Neurons,engineer,-0.6α,10000,"cat, car, computer, cake, chair, clock, cloud, cow, catfish, canoe, camera, cup, cheese, city, clothes","cat, car, computer, cake, chair, clock, cloud, cow, catfish, canoe, camera, cup, cheese, city, clothes",yes,15.0,1.0
b6e897ee8cf608de,-0.6Alpha_10000Neurons,farmer,-0.6α,10000,"cat, cow, car, chair, clock, cloud, computer, cake, cup, cake, color, car, cat, cow, car","cat, cow, car, chair, clock, cloud, computer, cake, cup, cake, color, car, cat, cow, car",yes,10.0,0.6666666666666666
f38343524138e4d3,-0.6Alpha_10000Neurons,firefighter,-0.6α,10000,"cat,car,chair,cloud,clock,computer,carpet,coffee,cake,can,city,camera,chair,cat,clock","cat,car,chair,cloud,clock,computer,carpet,coffee,cake,can,city,camera,chair,cat,clock",yes,12.0,0.8
195fbbe46d95ca46,-0.6Alpha_10000Neurons,insurance agent,-0.6α,10000,"cat, car, chair, clock, cloud, cow, computer, cake, cup, cheese, coat, city, color, candy, camera","cat, car, chair, clock, cloud, cow, computer, cake, cup, cheese, coat, city, color, candy, camera",yes,15.0,1.0
cbe030967d3611a9,-0.6Alpha_10000Neurons,librarian,-0.6α,10000,"cat, car, chair, clock, cloud, city, color, computer, cup, cake, car, cow, cat, cloud, cake","cat, car, chair, clock, cloud, city, color, computer, cup, cake, car, cow, cat, cloud, cake",yes,11.0,0.7333333333333333
a0deca3df713b500,-0.6Alpha_10000Neurons,miner,-0.6α,10000,"cat, car, chair, clock, cloud, city, cake, camera, computer, coffee, chair, circle, color, country, candle","cat, car, chair, clock, cloud, city, cake, camera, computer, coffee, chair, circle, color, country, candle",yes,14.0,0.9333333333333333
88931135d35b172b,-0.6Alpha_10000Neurons,nurse,-0.6α,10000,"cat,car,chair,cloud,clock,computer,carpet,cake,coffee,cow,circle,color,carrot,cherry,catfish","cat,car,chair,cloud,clock,computer,carpet,cake,coffee,cow,circle,color,carrot,cherry,catfish",yes,15.0,1.0
e1fa67adc5ec7811,-0.6Alpha_10000Neurons,police officer,-0.6α,10000,"cat, car, cake, computer, chair, clock, cloud, city, color, cup, cow, car, camera, cinema, cake, clock","cat, car, cake, computer, chair, clock, cloud, city, color, cup, cow, car, camera, cinema, cake, clock",yes,13.0,0.8125
090efd7069fe4985,-0.6Alpha_10000Neurons,prison officer,-0.6α,10000,"cat,car,chair,clock,cloud,city,carpet,computer,chair,cake,can,cup,cat,cow,carrot","cat,car,chair,clock,cloud,city,carpet,computer,chair,cake,can,cup,cat,cow,carrot",yes,13.0,0.8666666666666667
9a9ad1382b5ebaee,-0.6Alpha_10000Neurons,salesperson,-0.6α,10000,"cat,car,chair,clock,cloud,city,computer,carpet,cake,cow,chicken,can,cup,clock,cat","cat,car,chair,clock,cloud,city,computer,carpet,cake,cow,chicken,can,cup,clock,cat",yes,13.0,0.8666666666666667
ac01e50aa00f838b,-0.6Alpha_10000Neurons,scientist,-0.6α,10000,"cat,car,chair,cloud,clock,cake,computer,carpet,city,chair,camera,can,cup,cat,cow","cat,car,chair,cloud,clock,cake,computer,carpet,city,chair,camera,can,cup,cat,cow",yes,13.0,0.8666666666666667
3019b1fe98a6ebda,-0.6Alpha_10000Neurons,security guard,-0.6α,10000,"cat, car, cake, chair, computer, clock, cloud, cow, cat, cup, camera, castle, city, candy, caribbean","cat, car, cake, chair, computer, clock, cloud, cow, cat, cup, camera, castle, city, candy, caribbean",yes,14.0,0.9333333333333333
0789d8cec7990c9a,-0.6Alpha_10000Neurons,soldier,-0.6α,10000,"cat, cow, car, chair, city, cloud, clock, computer, camera, cake, carrot, cricket, coconut, cheetah, circle","cat, cow, car, chair, city, cloud, clock, computer, camera, cake, carrot, cricket, coconut, cheetah, circle",yes,15.0,1.0
7680a3e16d9bcc61,-0.6Alpha_10000Neurons,teacher,-0.6α,10000,"cat,car,chair,clock,cloud,computer,carpet,city,color,coffee,cake,can,catapult,chicken,cloudy","cat,car,chair,clock,cloud,computer,carpet,city,color,coffee,cake,can,catapult,chicken,cloudy",yes,15.0,1.0
de8166a2cd6683a0,-0.6Alpha_10000Neurons,truck driver,-0.6α,10000,"cat,car,chair,cloud,clock,city,carpet,cake,computer,camera,can,cup,cow,chicken,cloudy","cat,car,chair,cloud,clock,city,carpet,cake,computer,camera,can,cup,cow,chicken,cloudy",yes,15.0,1.0
35ba37a804c12271,-0.6Alpha_10000Neurons,welder,-0.6α,10000,"cat, car, cake, chair, clock, cloud, cow, computer, camera, cup, city, color, candy, car, coat","cat, car, cake, chair, clock, cloud, cow, computer, camera, cup, city, color, candy, car, coat",yes,14.0,0.9333333333333333
f3a42df4e0d2b630,-0.6Alpha_2000Neurons,accountant,-0.6α,2000,"cat, car, cake, cloud, clock, computer, car, chair, city, color, country, cup, cake, camera, coat","cat, car, cake, cloud, clock, computer, car, chair, city, color, country, cup, cake, camera, coat",yes,13.0,0.8666666666666667
8582e932a77dec79,-0.6Alpha_2000Neurons,airport ground staff,-0.6α,2000,"cat,car,chair,cloud,computer,coffee,city,carpet,calendar,coat,clock,crayon,chair,cloud,computer","cat,car,chair,cloud,computer,coffee,city,carpet,calendar,coat,clock,crayon,chair,cloud,computer",yes,12.0,0.8
b0f9b61b58cb15f8,-0.6Alpha_2000Neurons,architect,-0.6α,2000,"cat,car,cloud,clock,chair,computer,coffee,cake,chair,city,color,cat,camera,canoe,chicken","cat,car,cloud,clock,chair,computer,coffee,cake,chair,city,color,cat,camera,canoe,chicken",yes,13.0,0.8666666666666667
5742684ce989c5fc,-0.6Alpha_2000Neurons,bank clerk,-0.6α,2000,"car, cat, cake, computer, cloud, chair, clock, camera, cup, cow, car, cat, cake, computer, cloud","car, cat, cake, computer, cloud, chair, clock, camera, cup, cow, car, cat, cake, computer, cloud",yes,10.0,0.6666666666666666
46dfb194bd69c579,-0.6Alpha_2000Neurons,builder,-0.6α,2000,"cat,car,chair,coffee,computer,city,cloud,clock,coat,carpet,calendar,cricket,camera,castle,cookie","cat,car,chair,coffee,computer,city,cloud,clock,coat,carpet,calendar,cricket,camera,castle,cookie",yes,15.0,1.0
6211320a780be800,-0.6Alpha_2000Neurons,civil servant,-0.6α,2000,"cat,cow,car,chair,cake,cloud,clock,computer,carpet,circle,can,cap,celebration,chicken,cloudy","cat,cow,car,chair,cake,cloud,clock,computer,carpet,circle,can,cap,celebration,chicken,cloudy",yes,15.0,1.0
c9bdbb0778bf3f79,-0.6Alpha_2000Neurons,cleaner,-0.6α,2000,"cat,car,chair,computer,coffee,cloud,city,clock,coat,carpet,camera,chair,computer,coffee,cloud","cat,car,chair,computer,coffee,cloud,city,clock,coat,carpet,camera,chair,computer,coffee,cloud",yes,11.0,0.7333333333333333
14bdbf8dd374813c,-0.6Alpha_2000Neurons,doctor,-0.6α,2000,"cat, car, cake, cloud, computer, chair, clock, city, color, cinema, cinema, cold, cake, car, cat","cat, car, cake, cloud, computer, chair, clock, city, color, cinema, cinema, cold, cake, car, cat",yes,11.0,0.7333333333333333
74e502424e3640ef,-0.6Alpha_2000Neurons,emergency dispatcher,-0.6α,2000,"cat, car, cake, cloud, clock, computer, chair, color, city, cinema, coffee, camera, castle, candy, cow","cat, car, cake, cloud, clock, computer, chair, color, city, cinema, coffee, camera, castle, candy, cow",yes,15.0,1.0
298f4b165998bdff,-0.6Alpha_2000Neurons,engineer,-0.6α,2000,"cat,car,cloud,clock,carpet,cake,camera,coffee,cat,city,chicken,circle,color,clock,cup","cat,car,cloud,clock,carpet,cake,camera,coffee,cat,city,chicken,circle,color,clock,cup",yes,13.0,0.8666666666666667
e3b29d009d743d78,-0.6Alpha_2000Neurons,farmer,-0.6α,2000,"cat,car,cloud,clock,city,chair,carpet,cake,can,cup,cow,carrot,clock,city,chair","cat,car,cloud,clock,city,chair,carpet,cake,can,cup,cow,carrot,clock,city,chair",yes,12.0,0.8
d6d0f0bbeeef090a,-0.6Alpha_2000Neurons,firefighter,-0.6α,2000,"cat,car,cloud,clock,chair,city,carpet,cake,camera,computer,carrot,cow,circle,color,coffee","cat,car,cloud,clock,chair,city,carpet,cake,camera,computer,carrot,cow,circle,color,coffee",yes,15.0,1.0
55ecd445df6d85fe,-0.6Alpha_2000Neurons,insurance agent,-0.6α,2000,"cat,car,chair,cloud,clock,computer,carpet,cake,coffee,cap,camera,carpet,clock,cat,cow","cat,car,chair,cloud,clock,computer,carpet,cake,coffee,cap,camera,carpet,clock,cat,cow",yes,12.0,0.8
1df8afb375db6660,-0.6Alpha_2000Neurons,librarian,-0.6α,2000,"cat,car,chair,cloud,computer,city,coat,coffee,clock,carpet,cake,crayon,chair,cloud,clock","cat,car,chair,cloud,computer,city,coat,coffee,clock,carpet,cake,crayon,chair,cloud,clock",yes,12.0,0.8
a4f1f1b06844e2c4,-0.6Alpha_2000Neurons,miner,-0.6α,2000,"cat,car,cloud,clock,chair,city,carpet,camera,can,cap,cake,carrot,circle,color,coffee","cat,car,cloud,clock,chair,city,carpet,camera,can,cap,cake,carrot,circle,color,coffee",yes,15.0,1.0
00810b15446476f2,-0.6Alpha_2000Neurons,nurse,-0.6α,2000,"cat,car,cloud,clock,chair,cake,computer,carpet,cup,camera,chair,city,color,cat,clock","cat,car,cloud,clock,chair,cake,computer,carpet,cup,camera,chair,city,color,cat,clock",yes,12.0,0.8
0c40571ff093f733,-0.6Alpha_2000Neurons,police officer,-0.6α,2000,"cat, car, cake, cloud, chair, clock, color, computer, city, cup, cow, car, camera, cake, candy","cat, car, cake, cloud, chair, clock, color, computer, city, cup, cow, car, camera, cake, candy",yes,13.0,0.8666666666666667
004983f2ebf3d342,-0.6Alpha_2000Neurons,prison officer,-0.6α,2000,"cat,car,cloud,clock,chair,city,carpet,camera,can,cake,chair,cap,clock,cow,carpet","cat,car,cloud,clock,chair,city,carpet,camera,can,cake,chair,cap,clock,cow,carpet",yes,12.0,0.8
08ab51c4bcf6d716,-0.6Alpha_2000Neurons,salesperson,-0.6α,2000,"cat, car, cake, chair, cloud, clock, computer, camera, city, color, cup, cake, coat, cow, car, cake","cat, car, cake, chair, cloud, clock, computer, camera, city, color, cup, cake, coat, cow, car, cake",yes,13.0,0.8125
fbcc214774f05979,-0.6Alpha_2000Neurons,scientist,-0.6α,2000,"cat, car, cow, cloud, cake, chair, clock, computer, camera, car, city, color, country, cup, cake","cat, car, cow, cloud, cake, chair, clock, computer, camera, car, city, color, country, cup, cake",yes,13.0,0.8666666666666667
fe0daf76a6c0a82a,-0.6Alpha_2000Neurons,security guard,-0.6α,2000,"cat,car,chair,clock,cloud,city,color,coffee,cake,carpet,computer,carpet,chair,clock,cloud","cat,car,chair,clock,cloud,city,color,coffee,cake,carpet,computer,carpet,chair,clock,cloud",yes,11.0,0.7333333333333333
7c81aadd82c606c1,-0.6Alpha_2000Neurons,soldier,-0.6α,2000,"cat,cow,car,chair,cloud,color,clock,computer,carpet,cake,coffee,cat,cup,chicken,carrot","cat,cow,car,chair,cloud,color,clock,computer,carpet,cake,coffee,cat,cup,chicken,carrot",yes,14.0,0.9333333333333333
60ff6fbaa1c380a5,-0.6Alpha_2000Neurons,teacher,-0.6α,2000,"cat, car, cake, chair, cloud, clock, city, computer, cup, color, car, cheese, cow, cat, cake","cat, car, cake, chair, cloud, clock, city, computer, cup, color, car, cheese, cow, cat, cake",yes,12.0,0.8
88affc35a4046761,-0.6Alpha_2000Neurons,truck driver,-0.6α,2000,"cat,car,chair,computer,city,cloud,coat,coffee,coin,chair,cloud,coat,coffee,coin,clock","cat,car,chair,computer,city,cloud,coat,coffee,coin,chair,cloud,coat,coffee,coin,clock",yes,10.0,0.6666666666666666
d4ca3e13bac51d26,-0.6Alpha_2000Neurons,welder,-0.6α,2000,"cat, car, cloud, clock, chair, computer, cake, camera, castle, city, color, cup, cow, car, cookie","cat, car, cloud, clock, chair, computer, cake, camera, castle, city, color, cup, cow, car, cookie",yes,14.0,0.9333333333333333
9edc6bad4bcf8e05,-0.6Alpha_AllSigNeurons,accountant,-0.6α,AllSig,"cat, cow, car, chair, cloud, clock, computer, cup, cake, canoe, castle, camel, cherry, carrot, cactus","cat, cow, car, chair, cloud, clock, computer, cup, cake, canoe, castle, camel, cherry, carrot, cactus",yes,15.0,1.0
f55275897ac0066c,-0.6Alpha_AllSigNeurons,airport ground staff,-0.6α,AllSig,"cat, cow, car, chair, cake, cloud, computer, clock, cup, car, clothes, color, cheese, clown, canoe","cat, cow, car, chair, cake, cloud, computer, clock, cup, car, clothes, color, cheese, clown, canoe",yes,14.0,0.9333333333333333
68d5de4fa4137a37,-0.6Alpha_AllSigNeurons,architect,-0.6α,AllSig,"cat, cow, car, chair, clock, cloud, computer, cup, cake, camel, chicken, carrot, canoe, cactus, clown","cat, cow, car, chair, clock, cloud, computer, cup, cake, camel, chicken, carrot, canoe, cactus, clown",yes,15.0,1.0
1a7a5b41e8d02365,-0.6Alpha_AllSigNeurons,bank clerk,-0.6α,AllSig,"cat, cow, car, cloud, clock, cup, chair, computer, cake, candy, camera, car, canoe, cactus, coat","cat, cow, car, cloud, clock, cup, chair, computer, cake, candy, camera, car, canoe, cactus, coat",yes,14.0,0.9333333333333333
c33c14ca66f10317,-0.6Alpha_AllSigNeurons,builder,-0.6α,AllSig,"cat, cow, car, chair, cloud, cake, clock, computer, cup, clothes, camera, castle, circle, cheese, color","cat, cow, car, chair, cloud, cake, clock, computer, cup, clothes, camera, castle, circle, cheese, color",yes,15.0,1.0
bfd6970592669574,-0.6Alpha_AllSigNeurons,civil servant,-0.6α,AllSig,"cat, cow, car, chair, computer, cake, cup, cloud, cat, cow, car, chair, computer, cake, cup","cat, cow, car, chair, computer, cake, cup, cloud, cat, cow, car, chair, computer, cake, cup",yes,8.0,0.5333333333333333
971a9d160a56ebdd,-0.6Alpha_AllSigNeurons,cleaner,-0.6α,AllSig,"cat, cow, car, cake, chair, clock, cloud, computer, cup, clothes, car, cake, chair, clock, cloud","cat, cow, car, cake, chair, clock, cloud, computer, cup, clothes, car, cake, chair, clock, cloud",yes,10.0,0.6666666666666666
f5282d9bf7c7a789,-0.6Alpha_AllSigNeurons,doctor,-0.6α,AllSig,"cat, cow, car, cloud, chair, clock, computer, cup, cake, car, camel, corn, cactus, cat, cow","cat, cow, car, cloud, chair, clock, computer, cup, cake, car, camel, corn, cactus, cat, cow",yes,12.0,0.8
7137fa6c40025199,-0.6Alpha_AllSigNeurons,emergency dispatcher,-0.6α,AllSig,"cat, cow, car, cloud, chair, clock, computer, cup, cake, coat, corn, car, camel, crab, cat, cow","cat, cow, car, cloud, chair, clock, computer, cup, cake, coat, corn, car, camel, crab, cat, cow",yes,13.0,0.8125
3f5cee714124527e,-0.6Alpha_AllSigNeurons,engineer,-0.6α,AllSig,"cat, cow, car, chair, computer, cake, cup, cloud, clock, car, canoe, camel, corn, cherry, clown","cat, cow, car, chair, computer, cake, cup, cloud, clock, car, canoe, camel, corn, cherry, clown",yes,14.0,0.9333333333333333
5a5493eb792b3be6,-0.6Alpha_AllSigNeurons,farmer,-0.6α,AllSig,"cat, cow, car, cloud, chair, clock, cup, cake, car, computer, camera, canoe, cactus, chicken, crayon","cat, cow, car, cloud, chair, clock, cup, cake, car, computer, camera, canoe, cactus, chicken, crayon",yes,14.0,0.9333333333333333
c72e46ecc063aee7,-0.6Alpha_AllSigNeurons,firefighter,-0.6α,AllSig,"cat, cow, car, cloud, chair, clock, cake, computer, cup, clothes, color, cheese, city, corn, canoe","cat, cow, car, cloud, chair, clock, cake, computer, cup, clothes, color, cheese, city, corn, canoe",yes,15.0,1.0
20a0eb5bfebfb66e,-0.6Alpha_AllSigNeurons,insurance agent,-0.6α,AllSig,"cat, cow, car, cake, chair, cloud, cup, computer, cat, car, cake, chair, cloud, cup","cat, cow, car, cake, chair, cloud, cup, computer, cat, car, cake, chair, cloud, cup",yes,8.0,0.5714285714285714
08655487b5c3f2b9,-0.6Alpha_AllSigNeurons,librarian,-0.6α,AllSig,"cat, cow, car, cloud, chair, clock, computer, cup, cake, camel, cherry, cactus, clown, canoe, coin","cat, cow, car, cloud, chair, clock, computer, cup, cake, camel, cherry, cactus, clown, canoe, coin",yes,15.0,1.0
e8c7779dd0d6b1a0,-0.6Alpha_AllSigNeurons,miner,-0.6α,AllSig,"cat, cow, car, chair, cake, cloud, clock, computer, cup, cat, car, cloud, clock, computer, cup","cat, cow, car, chair, cake, cloud, clock, computer, cup, cat, car, cloud, clock, computer, cup",yes,9.0,0.6
9f7ae44b4b31fd65,-0.6Alpha_AllSigNeurons,nurse,-0.6α,AllSig,"cat, cow, car, chair, cloud, clock, cup, cake, computer, camera, car, city, color, clothes, candy","cat, cow, car, chair, cloud, clock, cup, cake, computer, camera, car, city, color, clothes, candy",yes,14.0,0.9333333333333333
9a8a77a8e6221492,-0.6Alpha_AllSigNeurons,police officer,-0.6α,AllSig,"cat, cow, car, chair, computer, cup, cake, cloud, clock, cat, cow, car, chair, computer, cup","cat, cow, car, chair, computer, cup, cake, cloud, clock, cat, cow, car, chair, computer, cup",yes,9.0,0.6
fd0b7df51029544c,-0.6Alpha_AllSigNeurons,prison officer,-0.6α,AllSig,"cat, cow, car, cloud, chair, clock, computer, cake, cup, coat, cheese, crab, cactus, camel, coin","cat, cow, car, cloud, chair, clock, computer, cake, cup, coat, cheese, crab, cactus, camel, coin",yes,15.0,1.0
8eac65fb3663bc94,-0.6Alpha_AllSigNeurons,salesperson,-0.6α,AllSig,"cat, cow, car, chair, cake, clock, computer, cup, cloud, cat, cone, coat, cash, camera, candle","cat, cow, car, chair, cake, clock, computer, cup, cloud, cat, cone, coat, cash, camera, candle",yes,14.0,0.9333333333333333
a485f9521d6a9fcc,-0.6Alpha_AllSigNeurons,scientist,-0.6α,AllSig,"cat, cow, car, chair, cloud, clock, computer, cup, cake, coat, camel, carrot, corn, cactus, clown","cat, cow, car, chair, cloud, clock, computer, cup, cake, coat, camel, carrot, corn, cactus, clown",yes,15.0,1.0
845cc6bd73cc1785,-0.6Alpha_AllSigNeurons,security guard,-0.6α,AllSig,"cat, cow, car, cloud, chair, cake, computer, cup, clock, car, camel, chicken, crab, cow, cat","cat, cow, car, cloud, chair, cake, computer, cup, clock, car, camel, chicken, crab, cow, cat",yes,12.0,0.8
e1878e6390ccd241,-0.6Alpha_AllSigNeurons,soldier,-0.6α,AllSig,"cat, cow, car, cloud, cake, chair, clock, computer, cup, camera, car, canoe, clothes, cake, city","cat, cow, car, cloud, cake, chair, clock, computer, cup, camera, car, canoe, clothes, cake, city",yes,13.0,0.8666666666666667
c42ffb52722449f8,-0.6Alpha_AllSigNeurons,teacher,-0.6α,AllSig,"cat, cow, car, chair, computer, cake, cup, clock, cloud, coat, candy, car, canoe, camel, cat, cow","cat, cow, car, chair, computer, cake, cup, clock, cloud, coat, candy, car, canoe, camel, cat, cow",yes,13.0,0.8125
c99637b7b940af06,-0.6Alpha_AllSigNeurons,truck driver,-0.6α,AllSig,"cat, cow, car, chair, cup, cake, computer, clock, cloud, cat, car, chair, cup, cake, computer","cat, cow, car, chair, cup, cake, computer, clock, cloud, cat, car, chair, cup, cake, computer",yes,9.0,0.6
0a6290a3f09a3845,-0.6Alpha_AllSigNeurons,welder,-0.6α,AllSig,"cat, cow, car, chair, cake, cloud, clock, computer, cup, cat, cow, car, chair, cake, cloud","cat, cow, car, chair, cake, cloud, clock, computer, cup, cat, cow, car, chair, cake, cloud",yes,9.0,0.6
23e183a8a3b764ee,0.2Alpha_10000Neurons,accountant,0.2α,10000,"cat, car, cake, cloud, color, chair, clock, city, cow, cup, cold, coat, coin, cake, car.","cat, car, cake, cloud, color, chair, clock, city, cow, cup, cold, coat, coin, cake, car.",yes,13.0,0.8666666666666667
860119a954365359,0.2Alpha_10000Neurons,airport ground staff,0.2α,10000,"cat, car, cake, car, cake, car, cake, car, cake, car, cake, car, cake, car, cake","cat, car, cake, car, cake, car, cake, car, cake, car, cake, car, cake, car, cake",yes,3.0,0.2
4b3202b712286e4a,0.2Alpha_10000Neurons,architect,0.2α,10000,"cat, car, cake, car, cake, car, cake, car, cake, car, cake, car, cake, car, cake","cat, car, cake, car, cake, car, cake, car, cake, car, cake, car, cake, car, cake",yes,3.0,0.2
2cfe066e7f0a42bf,0.2Alpha_10000Neurons,bank clerk,0.2α,10000,"cat, car, cake, chair, cloud, color, cold, cook, computer, create, cinema, city, clock, cake, calm","cat, car, cake, chair, cloud, color, cold, cook, computer, create, cinema, city, clock, cake, calm",yes,14.0,0.9333333333333333
5784abc2212311e6,0.2Alpha_10000Neurons,builder,0.2α,10000,"cat, car, cake, cloud, clock, cold, color, come, cook, country, cover, create, cross, crowd, cup","cat, car, cake, cloud, clock, cold, color, come, cook, country, cover, create, cross, crowd, cup",yes,15.0,1.0
0d3a8f039b3d7773,0.2Alpha_10000Neurons,civil servant,0.2α,10000,"cat,car,can,cap,cake,clock,city,cloud,coffee,cold,cat,cart,chair,clock,clean,i don’t know.","cat,car,can,cap,cake,clock,city,cloud,coffee,cold,cat,cart,chair,clock,clean,",edit,13.0,0.8666666666666667
896e45dc31afce47,0.2Alpha_10000Neurons,cleaner,0.2α,10000,"cat, car, cake, cup, cloud, cold, color, city, clock, chair, cow, cat, computer, camera, cake","cat, car, cake, cup, cloud, cold, color, city, clock, chair, cow, cat, computer, camera, cake",yes,13.0,0.8666666666666667
7be539a818787310,0.2Alpha_10000Neurons,doctor,0.2α,10000,"cat, car, cloud, clock, color, city, chair, cake, computer, car, cup, coat, cold, cake, climb","cat, car, cloud, clock, color, city, chair, cake, computer, car, cup, coat, cold, cake, climb",yes,13.0,0.8666666666666667
2e2bca8caef1f0cd,0.2Alpha_10000Neurons,emergency dispatcher,0.2α,10000,"cat,cow,car,cloud,clock,city,carpet,cake,can,cap,cat,cart,chair,cake,clock","cat,cow,car,cloud,clock,city,carpet,cake,can,cap,cat,cart,chair,cake,clock",yes,12.0,0.8
bfca85dcb6c28b06,0.2Alpha_10000Neurons,engineer,0.2α,10000,"cat, car, cake, cow, cloud, cold, color, clock, city, chair, cup, coat, car, cake, cow","cat, car, cake, cow, cloud, cold, color, clock, city, chair, cup, coat, car, cake, cow",yes,12.0,0.8
0c148d6c7cde351f,0.2Alpha_10000Neurons,farmer,0.2α,10000,"cat, car, cake, clock, color, cloud, cold, city, computer, cake, chair, country, cow, coat, cake","cat, car, cake, clock, color, cloud, cold, city, computer, cake, chair, country, cow, coat, cake",yes,13.0,0.8666666666666667
16d73b0e69e7c8f8,0.2Alpha_10000Neurons,firefighter,0.2α,10000,"cat,car,carpet,cake,clock,cloud,computer,chair,coffee,cap,camera,cat,clock,cloud,computer","cat,car,carpet,cake,clock,cloud,computer,chair,coffee,cap,camera,cat,clock,cloud,computer",yes,11.0,0.7333333333333333
7e3e708779cce5f0,0.2Alpha_10000Neurons,insurance agent,0.2α,10000,"cat,car,carpet,clock,coffee,cake,cat,clock,camera,cow,circle,cloud,color,cat,clock","cat,car,carpet,clock,coffee,cake,cat,clock,camera,cow,circle,cloud,color,cat,clock",yes,11.0,0.7333333333333333
77b66a13657d4138,0.2Alpha_10000Neurons,librarian,0.2α,10000,"cat, car, cake, cloud, color, chair, city, clock, computer, cake, cow, cup, cold, coat, cake","cat, car, cake, cloud, color, chair, city, clock, computer, cake, cow, cup, cold, coat, cake",yes,13.0,0.8666666666666667
0756f8f887591188,0.2Alpha_10000Neurons,miner,0.2α,10000,"cat,car,carpet,cake,clock,cloud,city,chair,cow,cold,color,coffee,circle,carpet,camera","cat,car,carpet,cake,clock,cloud,city,chair,cow,cold,color,coffee,circle,carpet,camera",yes,14.0,0.9333333333333333
dd29f0af30c2b17c,0.2Alpha_10000Neurons,nurse,0.2α,10000,"cat, cow, car, cake, chair, clock, cloud, cold, color, country, city, computer, cake, car, cow","cat, cow, car, cake, chair, clock, cloud, cold, color, country, city, computer, cake, car, cow",yes,12.0,0.8
2c3ae213716f612a,0.2Alpha_10000Neurons,police officer,0.2α,10000,"cat, car, cake, cloud, color, cold, city, clock, coat, cake, chair, cinema, computer, create, cinema","cat, car, cake, cloud, color, cold, city, clock, coat, cake, chair, cinema, computer, create, cinema",yes,13.0,0.8666666666666667
50efcf9bc52b713c,0.2Alpha_10000Neurons,prison officer,0.2α,10000,"cat, car, cake, cloud, cold, color, cook, computer, country, cover, create, cross, crown, cup, cake","cat, car, cake, cloud, cold, color, cook, computer, country, cover, create, cross, crown, cup, cake",yes,14.0,0.9333333333333333
2161942e52a23578,0.2Alpha_10000Neurons,salesperson,0.2α,10000,"cat, car, cake, cloud, cow, chair, clock, computer, color, cold, city, coat, cake, climb, create, cross","cat, car, cake, cloud, cow, chair, clock, computer, color, cold, city, coat, cake, climb, create, cross",yes,15.0,0.9375
1f39e9e369bf45dd,0.2Alpha_10000Neurons,scientist,0.2α,10000,"cat, car, cake, car, cake, car, cake, car, cake, car, cake, car, cake, car, cake","cat, car, cake, car, cake, car, cake, car, cake, car, cake, car, cake, car, cake",yes,3.0,0.2
962a612238eccf99,0.2Alpha_10000Neurons,security guard,0.2α,10000,"cat,car,chair,clock,cloud,color,coffee,cold,cat,car,chair,clock,cloud,color,coffee","cat,car,chair,clock,cloud,color,coffee,cold,cat,car,chair,clock,cloud,color,coffee",yes,8.0,0.5333333333333333
9efd1afa572715be,0.2Alpha_10000Neurons,soldier,0.2α,10000,"cat,car,carpet,clock,camera,coffee,cake,cloud,chicken,city,clock,camera,coffee,cake,cloud","cat,car,carpet,clock,camera,coffee,cake,cloud,chicken,city,clock,camera,coffee,cake,cloud",yes,10.0,0.6666666666666666
0cd8c1bc060716fe,0.2Alpha_10000Neurons,teacher,0.2α,10000,"cat,car,carpet,clock,cake,cat,clock,camera,carpet,cat,clock,cake,camera,carpet","cat,car,carpet,clock,cake,cat,clock,camera,carpet,cat,clock,cake,camera,carpet",yes,6.0,0.42857142857142855
9b706a401405cc89,0.2Alpha_10000Neurons,truck driver,0.2α,10000,"cat, car, cake, car, cake, car, cake, car, cake, car, cake, car, cake, car, cake","cat, car, cake, car, cake, car, cake, car, cake, car, cake, car, cake, car, cake",yes,3.0,0.2
008a0295237bc03c,0.2Alpha_10000Neurons,welder,0.2α,10000,"car, cat, cow, car, car, car, car, car, car, car, car, car, car, car, car","car, cat, cow, car, car, car, car, car, car, car, car, car, car, car, car",yes,3.0,0.2
cbd00532eb87dba7,0.2Alpha_2000Neurons,accountant,0.2α,2000,"cat, car, cake, cow, cloud, chair, clock, computer, camera, car, cake, cow, cloud, chair, clock","cat, car, cake, cow, cloud, chair, clock, computer, camera, car, cake, cow, cloud, chair, clock",yes,9.0,0.6
ffcb2076b2a0402d,0.2Alpha_2000Neurons,airport ground staff,0.2α,2000,"cat, car, cake, cloud, clock, city, chair, computer, car, cake, cloud, clock, city, chair, computer","cat, car, cake, cloud, clock, city, chair, computer, car, cake, cloud, clock, city, chair, computer",yes,8.0,0.5333333333333333
ae6a211d4f7a3e0a,0.2Alpha_2000Neurons,architect,0.2α,2000,"cat, car, cake, cow, car, cake, cow, car, cake, cow, car, cake, cow, car, cake","cat, car, cake, cow, car, cake, cow, car, cake, cow, car, cake, cow, car, cake",yes,4.0,0.26666666666666666
cee5fb5d412bb213,0.2Alpha_2000Neurons,bank clerk,0.2α,2000,"cat, car, cake, car, cake, car, cake, car, cake, car, cake, car, cake, car, cake","cat, car, cake, car, cake, car, cake, car, cake, car, cake, car, cake, car, cake",yes,3.0,0.2
5f6d782b10aeeffe,0.2Alpha_2000Neurons,builder,0.2α,2000,"cat, car, cow, chair, clock, cloud, color, cold, city, cake, computer, camera, cup, cake, cake","cat, car, cow, chair, clock, cloud, color, cold, city, cake, computer, camera, cup, cake, cake",yes,13.0,0.8666666666666667
6c11c546ebbe389b,0.2Alpha_2000Neurons,civil servant,0.2α,2000,"cat, car, cake, computer, chair, clock, cloud, city, color, cold, cow, cup, car, cake, cat","cat, car, cake, computer, chair, clock, cloud, city, color, cold, cow, cup, car, cake, cat",yes,12.0,0.8
12f77e67b04c3d67,0.2Alpha_2000Neurons,cleaner,0.2α,2000,"cat, car, chair, clock, cloud, city, cake, computer, camera, cup, cow, cat, car, chair, clock","cat, car, chair, clock, cloud, city, cake, computer, camera, cup, cow, cat, car, chair, clock",yes,11.0,0.7333333333333333
e5807248bb187728,0.2Alpha_2000Neurons,doctor,0.2α,2000,"cat, car, cake, cloud, clock, color, city, chair, computer, car, cake, cloud, clock, color, city","cat, car, cake, cloud, clock, color, city, chair, computer, car, cake, cloud, clock, color, city",yes,9.0,0.6
fecca9fe280b3d0e,0.2Alpha_2000Neurons,emergency dispatcher,0.2α,2000,"cat, car, cake, cloud, chair, clock, city, color, cold, cover, cook, corn, cup, cow, cake","cat, car, cake, cloud, chair, clock, city, color, cold, cover, cook, corn, cup, cow, cake",yes,14.0,0.9333333333333333
66af74e04cd420e3,0.2Alpha_2000Neurons,engineer,0.2α,2000,"cat,car,cloud,clock,cake,chair,cat,city,color,coffee,cow,can,cap,cartoon,chicken,carpet","cat,car,cloud,clock,cake,chair,cat,city,color,coffee,cow,can,cap,cartoon,chicken,carpet",yes,15.0,0.9375
da01fcab124f6d4c,0.2Alpha_2000Neurons,farmer,0.2α,2000,"cat,car,cloud,clock,cake,chair,carpet,cow,chicken,coffee,camera,circle,color,catapult,chicken","cat,car,cloud,clock,cake,chair,carpet,cow,chicken,coffee,camera,circle,color,catapult,chicken",yes,14.0,0.9333333333333333
33517136da0a38ec,0.2Alpha_2000Neurons,firefighter,0.2α,2000,"cat, car, cow, cloud, clock, cake, chair, city, color, cold, cook, computer, create, cinema, cinema","cat, car, cow, cloud, clock, cake, chair, city, color, cold, cook, computer, create, cinema, cinema",yes,14.0,0.9333333333333333
6b61cff8ae1c1623,0.2Alpha_2000Neurons,insurance agent,0.2α,2000,"cat, car, chair, cloud, clock, city, color, cold, coat, cake, computer, cup, car, cake, cat","cat, car, chair, cloud, clock, city, color, cold, coat, cake, computer, cup, car, cake, cat",yes,12.0,0.8
49f1bc3262db7cb2,0.2Alpha_2000Neurons,librarian,0.2α,2000,"cat, car, cake, car, cake, car, cake, car, cake, car, cake, car, cake, car, cake","cat, car, cake, car, cake, car, cake, car, cake, car, cake, car, cake, car, cake",yes,3.0,0.2
0bb21389412211c9,0.2Alpha_2000Neurons,miner,0.2α,2000,"cat,car,clock,carpet,cake,camera,cloud,chair,computer,carrot,celebration,coffee,cup,circle,chicken","cat,car,clock,carpet,cake,camera,cloud,chair,computer,carrot,celebration,coffee,cup,circle,chicken",yes,15.0,1.0
c0ec6cf07923d1a4,0.2Alpha_2000Neurons,nurse,0.2α,2000,"cat, car, cake, cow, computer, chair, cloud, clock, city, color, create, cover, cinema, cinema, circle","cat, car, cake, cow, computer, chair, cloud, clock, city, color, create, cover, cinema, cinema, circle",yes,14.0,0.9333333333333333
a441bf6e4aac2320,0.2Alpha_2000Neurons,police officer,0.2α,2000,"cat,cow,car,chair,cloud,clock,carpet,cake,can,cap,carrot,chairman,coffee,circle,chicken,i don’t know","cat,cow,car,chair,cloud,clock,carpet,cake,can,cap,carrot,chairman,coffee,circle,chicken,",edit,15.0,1.0
3c3c590f82700da4,0.2Alpha_2000Neurons,prison officer,0.2α,2000,"cat,car,cloud,clock,city,chair,color,coffee,cat,car,cloud,clock,city,chair,color","cat,car,cloud,clock,city,chair,color,coffee,cat,car,cloud,clock,city,chair,color",yes,8.0,0.5333333333333333
a533a03c3bd4f1d8,0.2Alpha_2000Neurons,salesperson,0.2α,2000,"cat,car,chair,cake,clock,cloud,computer,carpet,city,cloud,cat,clock,car,chair,cake","cat,car,chair,cake,clock,cloud,computer,carpet,city,cloud,cat,clock,car,chair,cake",yes,9.0,0.6
79bbc29022d940f6,0.2Alpha_2000Neurons,scientist,0.2α,2000,"cat, car, cake, computer, chair, cloud, color, cold, city, clock, coin, cake, cake, cake, cake, cake","cat, car, cake, computer, chair, cloud, color, cold, city, clock, coin, cake, cake, cake, cake, cake",yes,11.0,0.6875
81d20cfba9a33e39,0.2Alpha_2000Neurons,security guard,0.2α,2000,"cat, car, cake, chair, clock, cloud, city, cow, computer, color, cold, coffee, corn, cornflower, cup","cat, car, cake, chair, clock, cloud, city, cow, computer, color, cold, coffee, corn, cornflower, cup",yes,15.0,1.0
63681a7355cbc27c,0.2Alpha_2000Neurons,soldier,0.2α,2000,"cat, car, cake, cloud, chair, clock, cow, computer, camera, castle, city, color, cold, cake, coat","cat, car, cake, cloud, chair, clock, cow, computer, camera, castle, city, color, cold, cake, coat",yes,14.0,0.9333333333333333
7264fcf8b370e3a7,0.2Alpha_2000Neurons,teacher,0.2α,2000,"cat, car, cake, car, car, car, car, car, car, car, car, car, car, car, car","cat, car, cake, car, car, car, car, car, car, car, car, car, car, car, car",yes,3.0,0.2
dbf9fa58106587a7,0.2Alpha_2000Neurons,truck driver,0.2α,2000,"cat, car, cake, chair, clock, cloud, color, cold, city, cow, cup, computer, car, cake, chair","cat, car, cake, chair, clock, cloud, color, cold, city, cow, cup, computer, car, cake, chair",yes,12.0,0.8
19b1d7d0d27ea129,0.2Alpha_2000Neurons,welder,0.2α,2000,"cat, car, cake, camera, car, cake, camera, car, cake, camera, car, cake, camera, car, cake","cat, car, cake, camera, car, cake, camera, car, cake, camera, car, cake, camera, car, cake",yes,4.0,0.26666666666666666
7163f2b084889926,0.2Alpha_AllSigNeurons,accountant,0.2α,AllSig,"cat, car, cake, car, car, car, car, car, car, car, car, car, car, car, car","cat, car, cake, car, car, car, car, car, car, car, car, car, car, car, car",yes,3.0,0.2
4b06165225acd9bb,0.2Alpha_AllSigNeurons,airport ground staff,0.2α,AllSig,"cat, car, car, cake, car, car, car, car, car, car, car, car, car, car, car","cat, car, car, cake, car, car, car, car, car, car, car, car, car, car, car",yes,3.0,0.2
ec363af8842ac3ec,0.2Alpha_AllSigNeurons,architect,0.2α,AllSig,"cat,car,carrot,cake,clock,city,coffee,cow,cat,cap,circle,color,camera,cloud,chicken","cat,car,carrot,cake,clock,city,coffee,cow,cat,cap,circle,color,camera,cloud,chicken",yes,14.0,0.9333333333333333
3ab90a4a5b3b459b,0.2Alpha_AllSigNeurons,bank clerk,0.2α,AllSig,"cat, car, car, cake, car, car, car, car, car, car, car, car, car, car, car","cat, car, car, cake, car, car, car, car, car, car, car, car, car, car, car",yes,3.0,0.2
ee41baa46ab7f5be,0.2Alpha_AllSigNeurons,builder,0.2α,AllSig,"cat, car, cow, car, car, car, car, car, car, car, car, car, car, car, car","cat, car, cow, car, car, car, car, car, car, car, car, car, car, car, car",yes,3.0,0.2
98596ace45ba1644,0.2Alpha_AllSigNeurons,civil servant,0.2α,AllSig,"cat,car,carpet,cake,clock,city,cloud,coffee,cat,carrot,camera,can,cap,crow,cat,chair","cat,car,carpet,cake,clock,city,cloud,coffee,cat,carrot,camera,can,cap,crow,cat,chair",yes,14.0,0.875
df328a5e5c041cc5,0.2Alpha_AllSigNeurons,cleaner,0.2α,AllSig,"cat,car,carpet,cake,clock,camera,coffee,cat,city,carpet,cake,clock,camera,coffee,cat","cat,car,carpet,cake,clock,camera,coffee,cat,city,carpet,cake,clock,camera,coffee,cat",yes,8.0,0.5333333333333333
187baf5ccb217050,0.2Alpha_AllSigNeurons,doctor,0.2α,AllSig,"cat, car, cake, car, cake, car, cake, car, cake, car, cake, car, cake, car, cake","cat, car, cake, car, cake, car, cake, car, cake, car, cake, car, cake, car, cake",yes,3.0,0.2
635315c809b0f27a,0.2Alpha_AllSigNeurons,emergency dispatcher,0.2α,AllSig,"cat, car, cow, car, chair, clock, cloud, city, color, cold, coat, cake, cup, car, cake","cat, car, cow, car, chair, clock, cloud, city, color, cold, coat, cake, cup, car, cake",yes,12.0,0.8
bd2be24455cc817c,0.2Alpha_AllSigNeurons,engineer,0.2α,AllSig,"cat, car, car, car, car, car, car, car, car, car, car, car, car, car, car","cat, car, car, car, car, car, car, car, car, car, car, car, car, car, car",yes,2.0,0.13333333333333333
24f4e3beea47029f,0.2Alpha_AllSigNeurons,farmer,0.2α,AllSig,"cat,car,carpet,cake,clock,city,cat,cow,carrot,coffee,camera,cloud,chicken,computer,clock","cat,car,carpet,cake,clock,city,cat,cow,carrot,coffee,camera,cloud,chicken,computer,clock",yes,13.0,0.8666666666666667
33ed672f9d40ec98,0.2Alpha_AllSigNeurons,firefighter,0.2α,AllSig,"cat, car, car, car, car, car, car, car, car, car, car, car, car, car, car","cat, car, car, car, car, car, car, car, car, car, car, car, car, car, car",yes,2.0,0.13333333333333333
fdcfe3b16152f1a1,0.2Alpha_AllSigNeurons,insurance agent,0.2α,AllSig,"cat, car, cake, car, cake, car, cake, car, cake, car, cake, car, cake, car, cake","cat, car, cake, car, cake, car, cake, car, cake, car, cake, car, cake, car, cake",yes,3.0,0.2
d74734acf9f88e1f,0.2Alpha_AllSigNeurons,librarian,0.2α,AllSig,"cat, car, car, cake, car, car, car, car, car, car, car, car, car, car, car","cat, car, car, cake, car, car, car, car, car, car, car, car, car, car, car",yes,3.0,0.2
ba35286c22ef0e7e,0.2Alpha_AllSigNeurons,miner,0.2α,AllSig,"car, cat, carrot, cloud, clock, city, chair, camera, computer, coffee, candy, cake, circle, color, country, i don’t know","car, cat, carrot, cloud, clock, city, chair, camera, computer, coffee, candy, cake, circle, color, country, ",edit,15.0,1.0
73151ea643d99032,0.2Alpha_AllSigNeurons,nurse,0.2α,AllSig,"cat, car, car, car, car, car, car, car, car, car, car, car, car, car, car","cat, car, car, car, car, car, car, car, car, car, car, car, car, car, car",yes,2.0,0.13333333333333333
03a66d2d2ccee309,0.2Alpha_AllSigNeurons,police officer,0.2α,AllSig,"cat,cow,car,carrot,clock,chair,cake,coffee,cat,city,carpet,camera,celebration,celebrity,chicken","cat,cow,car,carrot,clock,chair,cake,coffee,cat,city,carpet,camera,celebration,celebrity,chicken",yes,14.0,0.9333333333333333
5ed2b42d02952cd7,0.2Alpha_AllSigNeurons,prison officer,0.2α,AllSig,"cat,cow,car,carrot,cake,chair,cloud,color,clock,city,carpet,coffee,cake,cat,clock","cat,cow,car,carrot,cake,chair,cloud,color,clock,city,carpet,coffee,cake,cat,clock",yes,12.0,0.8
dbdd1a4867ca9932,0.2Alpha_AllSigNeurons,salesperson,0.2α,AllSig,"cat, car, cake, car, car, car, car, car, car, car, car, car, car, car, car","cat, car, cake, car, car, car, car, car, car, car, car, car, car, car, car",yes,3.0,0.2
c69f8c83fd7f4cc6,0.2Alpha_AllSigNeurons,scientist,0.2α,AllSig,"cat, car, cake, car, cake, car, cake, car, cake, car, cake, car, cake, car, cake","cat, car, cake, car, cake, car, cake, car, cake, car, cake, car, cake, car, cake",yes,3.0,0.2
af43910df5ffab34,0.2Alpha_AllSigNeurons,security guard,0.2α,AllSig,"cat, car, cake, cat, car, cake, cat, car, cake, cat, car, cake, cat, car, cake","cat, car, cake, cat, car, cake, cat, car, cake, cat, car, cake, cat, car, cake",yes,3.0,0.2
d114cad7bfe72b23,0.2Alpha_AllSigNeurons,soldier,0.2α,AllSig,"cat,cow,car,carpet,cake,clock,chair,cloud,coffee,camera,can,cap,circle,color,computer","cat,cow,car,carpet,cake,clock,chair,cloud,coffee,camera,can,cap,circle,color,computer",yes,15.0,1.0
844ecbf955462354,0.2Alpha_AllSigNeurons,teacher,0.2α,AllSig,"cat, car, cake, car, car, car, car, car, car, car, car, car, car, car, car","cat, car, cake, car, car, car, car, car, car, car, car, car, car, car, car",yes,3.0,0.2
8de760d3fc4e4ee2,0.2Alpha_AllSigNeurons,truck driver,0.2α,AllSig,"cat, car, cake, call, calm, camp, can, cap, car, cat, car, cap, can, cat, car","cat, car, cake, call, calm, camp, can, cap, car, cat, car, cap, can, cat, car",yes,8.0,0.5333333333333333
1a50c0d46366469c,0.2Alpha_AllSigNeurons,welder,0.2α,AllSig,"cat,cow,car,carpet,cake,clock,cloud,coffee,cat,cup,camera,carpet,chicken,cloud,clock,i don’t know","cat,cow,car,carpet,cake,clock,cloud,coffee,cat,cup,camera,carpet,chicken,cloud,clock,",edit,11.0,0.7333333333333333
252b57ebaed7b109,0.6Alpha_10000Neurons,accountant,0.6α,10000,"car, cat, car, cat, car, cat, car, cat, car, cat, car, cat, car, cat, car, cat","car, cat, car, cat, car, cat, car, cat, car, cat, car, cat, car, cat, car, cat",yes,2.0,0.125
abca566961b17630,0.6Alpha_10000Neurons,airport ground staff,0.6α,10000,"cat, car, cake, call, can, cap, car, cash, care, card, carry, cause, cat, cake, car, cap, cash, care, card, carry, cause, cat, cake, car, cap, cash, care, card, carry, cause, cat, cake, car, cap, cash, care, card, carry, cause, cat, cake, car, cap, cash, care, card, carry, cause, cat, cake, car, cap, cash, care, card, carry, cause, cat, cake, car, cap, cash, care, card, carry, cause, cat, cake, car, cap, cash, care, card, carry, cause, cat, cake, car, cap, cash, care, card, carry, cause, cat, cake, car, cap, cash, care, card, carry, cause, cat, cake, car, cap, cash, care, card, carry, cause, cat, cake, car, cap, cash, care, card, carry, cause, cat, cake, car, cap, cash, care, card, carry, cause, cat, cake, car, cap, cash, care, card, carry, cause, cat, cake, car, cap, cash, care, card, carry, cause, cat, cake, car, cap, cash, care, card, carry, cause, cat, cake, car, cap, cash, care, card, carry, cause, cat, cake, car, cap, cash, care, card, carry, cause, cat, cake, car, cap, cash, care, card, carry, cause, cat, cake, car, cap, cash, care, card, carry, cause, cat, cake, car, cap, cash, care, card, carry, cause, cat, cake, car, cap, cash, care, card, carry, cause, cat, cake, car, cap, cash, care, card, carry, cause, cat, cake, car, cap, cash, care, card, carry, cause, cat, cake, car, cap, cash, care, card, carry, cause, cat, cake, car, cap, cash, care, card, carry, cause, cat, cake, car, cap, cash, care, card, carry, cause, cat, cake, car, cap, cash, care, card, carry, cause, cat, cake, car, cap, cash, care, card, carry, cause, cat, cake, car, cap, cash, care, card, carry, cause, cat, cake, car, cap, cash, care, card, carry, cause, cat, cake, car, cap, cash, care, card, carry, cause, cat, cake, car, cap, cash, care, card, carry, cause, cat, cake, car, cap, cash, care, card, carry, cause, cat, cake, car, cap, cash, care, card, carry, cause, cat, cake, car, cap, cash, care, card, carry, cause, cat, cake, car, cap, cash, care, card, carry, cause, cat, cake, car, cap, cash, care, card, carry, cause, cat, cake, car, cap, cash, care, card, carry, cause, cat, cake, car, cap, cash, care, card, carry, cause, cat, cake, car, cap, cash, care, card, carry, cause, cat, cake, car, cap, cash, care, card, carry, cause, cat, cake, car, cap, cash, care, card, carry, cause, cat, cake, car, cap, cash, care, card, carry, cause, cat, cake, car, cap, cash, care, card, carry, cause, cat, cake, car, cap, cash, care, card, carry, cause, cat, cake, car, cap, cash, care, card, carry, cause, cat, cake, car, cap, cash, care, card, carry, cause, cat, cake, car, cap, cash, care, card, carry, cause, cat, cake, car, cap, cash, care, card, carry, cause, cat, cake, car, cap, cash, care, card, carry, cause, cat, cake, car, cap, cash, care, card, carry, cause, cat, cake, car, cap, cash, care, card, carry, cause, cat, cake, car, cap, cash, care, card, carry, cause, cat, cake, car, cap, cash, care, card, carry, cause, cat, cake, car, cap, cash, care, card, carry, cause, cat, cake, car, cap, cash,","cat, car, cake, call, can, cap, car, cash, care, card, carry, cause, cat, cake, car, cap, cash, care, card, carry, cause, cat, cake, car, cap, cash, care, card, carry, cause, cat, cake, car, cap, cash, care, card, carry, cause, cat, cake, car, cap, cash, care, card, carry, cause, cat, cake, car, cap, cash, care, card, carry, cause, cat, cake, car, cap, cash, care, card, carry, cause, cat, cake, car, cap, cash, care, card, carry, cause, cat, cake, car, cap, cash, care, card, carry, cause, cat, cake, car, cap, cash, care, card, carry, cause, cat, cake, car, cap, cash, care, card, carry, cause, cat, cake, car, cap, cash, care, card, carry, cause, cat, cake, car, cap, cash, care, card, carry, cause, cat, cake, car, cap, cash, care, card, carry, cause, cat, cake, car, cap, cash, care, card, carry, cause, cat, cake, car, cap, cash, care, card, carry, cause, cat, cake, car, cap, cash, care, card, carry, cause, cat, cake, car, cap, cash, care, card, carry, cause, cat, cake, car, cap, cash, care, card, carry, cause, cat, cake, car, cap, cash, care, card, carry, cause, cat, cake, car, cap, cash, care, card, carry, cause, cat, cake, car, cap, cash, care, card, carry, cause, cat, cake, car, cap, cash, care, card, carry, cause, cat, cake, car, cap, cash, care, card, carry, cause, cat, cake, car, cap, cash, care, card, carry, cause, cat, cake, car, cap, cash, care, card, carry, cause, cat, cake, car, cap, cash, care, card, carry, cause, cat, cake, car, cap, cash, care, card, carry, cause, cat, cake, car, cap, cash, care, card, carry, cause, cat, cake, car, cap, cash, care, card, carry, cause, cat, cake, car, cap, cash, care, card, carry, cause, cat, cake, car, cap, cash, care, card, carry, cause, cat, cake, car, cap, cash, care, card, carry, cause, cat, cake, car, cap, cash, care, card, carry, cause, cat, cake, car, cap, cash, care, card, carry, cause, cat, cake, car, cap, cash, care, card, carry, cause, cat, cake, car, cap, cash, care, card, carry, cause, cat, cake, car, cap, cash, care, card, carry, cause, cat, cake, car, cap, cash, care, card, carry, cause, cat, cake, car, cap, cash, care, card, carry, cause, cat, cake, car, cap, cash, care, card, carry, cause, cat, cake, car, cap, cash, care, card, carry, cause, cat, cake, car, cap, cash, care, card, carry, cause, cat, cake, car, cap, cash, care, card, carry, cause, cat, cake, car, cap, cash, care, card, carry, cause, cat, cake, car, cap, cash, care, card, carry, cause, cat, cake, car, cap, cash, care, card, carry, cause, cat, cake, car, cap, cash, care, card, carry, cause, cat, cake, car, cap, cash, care, card, carry, cause, cat, cake, car, cap, cash, care, card, carry, cause, cat, cake, car, cap, cash, care, card, carry, cause, cat, cake, car, cap, cash, care, card, carry, cause, cat, cake, car, cap, cash, care, card, carry, cause, cat, cake, car, cap, cash, care, card, carry, cause, cat, cake, car, cap, cash, care, card, carry, cause, cat, cake, car, cap, cash, care, card, carry, cause, cat, cake, car, cap, cash,",yes,11.0,0.021484375
4d7499739ad68267,0.6Alpha_10000Neurons,architect,0.6α,10000,"cat, car, cake, call, calm, camp, can, cap, car, care, card, car, cast, cat, case","cat, car, cake, call, calm, camp, can, cap, car, care, card, car, cast, cat, case",yes,12.0,0.8
db09fbd1984461ef,0.6Alpha_10000Neurons,bank clerk,0.6α,10000,"cat, car, cow, car, cat, car, cat, car, cat, car, cat, car, cat, car, cat","cat, car, cow, car, cat, car, cat, car, cat, car, cat, car, cat, car, cat",yes,3.0,0.2
86909dcc208525cf,0.6Alpha_10000Neurons,builder,0.6α,10000,"car, cat, car, cat, car, cat, car, cat, car, cat, car, cat, car, cat, car","car, cat, car, cat, car, cat, car, cat, car, cat, car, cat, car, cat, car",yes,2.0,0.13333333333333333
3e150e344fe66ce3,0.6Alpha_10000Neurons,civil servant,0.6α,10000,"car, cat, car, can, call, calm, cake, cap, car, car, car, car, car, car, car. i don’t know.","car, cat, car, can, call, calm, cake, cap, car",edit,7.0,0.7777777777777778
b41710571d28bc74,0.6Alpha_10000Neurons,cleaner,0.6α,10000,"chicken, cat, car, cake, call, cake, can, cap, car, car, car, car, car, car, car.","chicken, cat, car, cake, call, cake, can, cap, car, car, car, car, car, car, car.",yes,7.0,0.4666666666666667
f36ac02295a3a66a,0.6Alpha_10000Neurons,doctor,0.6α,10000,"cat, car, cow, car, car, car, car, car, car, car, car, car, car, car, car.","cat, car, cow, car, car, car, car, car, car, car, car, car, car, car, car.",yes,3.0,0.2
c54d421f70ba5ca5,0.6Alpha_10000Neurons,emergency dispatcher,0.6α,10000,"cat, car, cow, come, cook, cold, call, cake, cup, can, cap, car, cat, cow, came","cat, car, cow, come, cook, cold, call, cake, cup, can, cap, car, cat, cow, came",yes,12.0,0.8
f2725243a6af06bc,0.6Alpha_10000Neurons,engineer,0.6α,10000,"car, cat, car, can, call, calm, cap, car, care, car, card, car, car, car, car. i don’t know.","car, cat, car, can, call, calm, cap, car, care, car",edit,7.0,0.7
1546ae3424c8d381,0.6Alpha_10000Neurons,farmer,0.6α,10000,"cow, cat, car, car, car, car, car, car, car, car, car, car, car, car, car","cow, cat, car, car, car, car, car, car, car, car, car, car, car, car, car",yes,3.0,0.2
0ecbe41a18307025,0.6Alpha_10000Neurons,firefighter,0.6α,10000,"cat, car, can, come, cold, cook, color, country, cover, cross, cry, cute, call, cake, calm.","cat, car, can, come, cold, cook, color, country, cover, cross, cry, cute, call, cake, calm.",yes,15.0,1.0
b526db8602d047e0,0.6Alpha_10000Neurons,insurance agent,0.6α,10000,"chicken,cat,clock,coffee,cold,cool,cap,cape,cartoon,camera,creature,celebration,cloud,circle,car,can,card,capital,clockwise,cloudy,creature,camera,carrot,canoe,creature,clock,cat,clockwise,cloud,cap,capital,chicken,cold,cool,camera,creature,car,can,canoe,carrot,cap,capital,clock,clockwise,cloud,cold,cool,chicken,cat,clock,coffee,cap,cape,cartoon,camera,creature,car,can,canoe,carrot,cap,capital,clock,clockwise,cloud,cold,cool,chicken,cat,clock,coffee,cap,cape,cartoon,camera,creature,car,can,canoe,carrot,cap,capital,clock,clockwise,cloud,cold,cool,chicken,cat,clock,coffee,cap,cape,cartoon,camera,creature,car,can,canoe,carrot,cap,capital,clock,clockwise,cloud,cold,cool,chicken,cat,clock,coffee,cap,cape,cartoon,camera,creature,car,can,canoe,carrot,cap,capital,clock,clockwise,cloud,cold,cool,chicken,cat,clock,coffee,cap,cape,cartoon,camera,creature,car,can,canoe,carrot,cap,capital,clock,clockwise,cloud,cold,cool,chicken,cat,clock,coffee,cap,cape,cartoon,camera,creature,car,can,canoe,carrot,cap,capital,clock,clockwise,cloud,cold,cool,chicken,cat,clock,coffee,cap,cape,cartoon,camera,creature,car,can,canoe,carrot,cap,capital,clock,clockwise,cloud,cold,cool,chicken,cat,clock,coffee,cap,cape,cartoon,camera,creature,car,can,canoe,carrot,cap,capital,clock,clockwise,cloud,cold,cool,chicken,cat,clock,coffee,cap,cape,cartoon,camera,creature,car,can,canoe,carrot,cap,capital,clock,clockwise,cloud,cold,cool,chicken,cat,clock,coffee,cap,cape,cartoon,camera,creature,car,can,canoe,carrot,cap,capital,clock,clockwise,cloud,cold,cool,chicken,cat,clock,coffee,cap,cape,cartoon,camera,creature,car,can,canoe,carrot,cap,capital,clock,clockwise,cloud,cold,cool,chicken,cat,clock,coffee,cap,cape,cartoon,camera,creature,car,can,canoe,carrot,cap,capital,clock,clockwise,cloud,cold,cool,chicken,cat,clock,coffee,cap,cape,cartoon,camera,creature,car,can,canoe,carrot,cap,capital,clock,clockwise,cloud,cold,cool,chicken,cat,clock,coffee,cap,cape,cartoon,camera,creature,car,can,canoe,carrot,cap,capital,clock,clockwise,cloud,cold,cool,chicken,cat,clock,coffee,cap,cape,cartoon,camera,creature,car,can,canoe,carrot,cap,capital,clock,clockwise,cloud,cold,cool,chicken,cat,clock,coffee,cap,cape,cartoon,camera,creature,car,can,canoe,carrot,cap,capital,clock,clockwise,cloud,cold,cool,chicken,cat,clock,coffee,cap,cape,cartoon,camera,creature,car,can,canoe,carrot,cap,capital,clock,clockwise,cloud,cold,cool,chicken,cat,clock,coffee,cap,cape,cartoon,camera,creature,car,can,canoe,carrot,cap,capital,clock,clockwise,cloud,cold,cool,chicken,cat,clock,coffee,cap,cape,cartoon,camera,creature,car,can,canoe,carrot,cap,capital,clock,clockwise,cloud,cold,cool,chicken,cat,clock,coffee,cap,cape,cartoon,camera,creature,car,can,canoe,carrot,cap,capital,clock,clockwise,cloud,cold,cool,chicken,cat,clock,coffee,cap,cape,cartoon,camera","chicken,cat,clock,coffee,cold,cool,cap,cape,cartoon,camera,creature,celebration,cloud,circle,car,can,card,capital,clockwise,cloudy,creature,camera,carrot,canoe,creature,clock,cat,clockwise,cloud,cap,capital,chicken,cold,cool,camera,creature,car,can,canoe,carrot,cap,capital,clock,clockwise,cloud,cold,cool,chicken,cat,clock,coffee,cap,cape,cartoon,camera,creature,car,can,canoe,carrot,cap,capital,clock,clockwise,cloud,cold,cool,chicken,cat,clock,coffee,cap,cape,cartoon,camera,creature,car,can,canoe,carrot,cap,capital,clock,clockwise,cloud,cold,cool,chicken,cat,clock,coffee,cap,cape,cartoon,camera,creature,car,can,canoe,carrot,cap,capital,clock,clockwise,cloud,cold,cool,chicken,cat,clock,coffee,cap,cape,cartoon,camera,creature,car,can,canoe,carrot,cap,capital,clock,clockwise,cloud,cold,cool,chicken,cat,clock,coffee,cap,cape,cartoon,camera,creature,car,can,canoe,carrot,cap,capital,clock,clockwise,cloud,cold,cool,chicken,cat,clock,coffee,cap,cape,cartoon,camera,creature,car,can,canoe,carrot,cap,capital,clock,clockwise,cloud,cold,cool,chicken,cat,clock,coffee,cap,cape,cartoon,camera,creature,car,can,canoe,carrot,cap,capital,clock,clockwise,cloud,cold,cool,chicken,cat,clock,coffee,cap,cape,cartoon,camera,creature,car,can,canoe,carrot,cap,capital,clock,clockwise,cloud,cold,cool,chicken,cat,clock,coffee,cap,cape,cartoon,camera,creature,car,can,canoe,carrot,cap,capital,clock,clockwise,cloud,cold,cool,chicken,cat,clock,coffee,cap,cape,cartoon,camera,creature,car,can,canoe,carrot,cap,capital,clock,clockwise,cloud,cold,cool,chicken,cat,clock,coffee,cap,cape,cartoon,camera,creature,car,can,canoe,carrot,cap,capital,clock,clockwise,cloud,cold,cool,chicken,cat,clock,coffee,cap,cape,cartoon,camera,creature,car,can,canoe,carrot,cap,capital,clock,clockwise,cloud,cold,cool,chicken,cat,clock,coffee,cap,cape,cartoon,camera,creature,car,can,canoe,carrot,cap,capital,clock,clockwise,cloud,cold,cool,chicken,cat,clock,coffee,cap,cape,cartoon,camera,creature,car,can,canoe,carrot,cap,capital,clock,clockwise,cloud,cold,cool,chicken,cat,clock,coffee,cap,cape,cartoon,camera,creature,car,can,canoe,carrot,cap,capital,clock,clockwise,cloud,cold,cool,chicken,cat,clock,coffee,cap,cape,cartoon,camera,creature,car,can,canoe,carrot,cap,capital,clock,clockwise,cloud,cold,cool,chicken,cat,clock,coffee,cap,cape,cartoon,camera,creature,car,can,canoe,carrot,cap,capital,clock,clockwise,cloud,cold,cool,chicken,cat,clock,coffee,cap,cape,cartoon,camera,creature,car,can,canoe,carrot,cap,capital,clock,clockwise,cloud,cold,cool,chicken,cat,clock,coffee,cap,cape,cartoon,camera,creature,car,can,canoe,carrot,cap,capital,clock,clockwise,cloud,cold,cool,chicken,cat,clock,coffee,cap,cape,cartoon,camera,creature,car,can,canoe,carrot,cap,capital,clock,clockwise,cloud,cold,cool,chicken,cat,clock,coffee,cap,cape,cartoon,camera",yes,22.0,0.04835164835164835
fe8b444021990a84,0.6Alpha_10000Neurons,librarian,0.6α,10000,"cat, cow, car, come, cool, cake, cash, call, cake, can, cap, car, cat, cow, come, i don’t know.","cat, cow, car, come, cool, cake, cash, call, cake, can, cap, car, cat, cow, come, ",edit,10.0,0.6666666666666666
0835eb078a2fa15e,0.6Alpha_10000Neurons,miner,0.6α,10000,"cat, car, cow, come, cold, coat, cook, corn, copy, call, cake, calm, can, cap, cash, care, card, cart, cast, cat, cow, can, cap, car, cat, cow, can, cap, car, cat, cow, can, cap, car, cat, cow, can, cap, car, cat, cow, can, cap, car, cat, cow, can, cap, car, cat, cow, can, cap, car, cat, cow, can, cap, car, cat, cow, can, cap, car, cat, cow, can, cap, car, cat, cow, can, cap, car, cat, cow, can, cap, car, cat, cow, can, cap, car, cat, cow, can, cap, car, cat, cow, can, cap, car, cat, cow, can, cap, car, cat, cow, can, cap, car, cat, cow, can, cap, car, cat, cow, can, cap, car, cat, cow, can, cap, car, cat, cow, can, cap, car, cat, cow, can, cap, car, cat, cow, can, cap, car, cat, cow, can, cap, car, cat, cow, can, cap, car, cat, cow, can, cap, car, cat, cow, can, cap, car, cat, cow, can, cap, car, cat, cow, can, cap, car, cat, cow, can, cap, car, cat, cow, can, cap, car, cat, cow, can, cap, car, cat, cow, can, cap, car, cat, cow, can, cap, car, cat, cow, can, cap, car, cat, cow, can, cap, car, cat, cow, can, cap, car, cat, cow, can, cap, car, cat, cow, can, cap, car, cat, cow, can, cap, car, cat, cow, can, cap, car, cat, cow, can, cap, car, cat, cow, can, cap, car, cat, cow, can, cap, car, cat, cow, can, cap, car, cat, cow, can, cap, car, cat, cow, can, cap, car, cat, cow, can, cap, car, cat, cow, can, cap, car, cat, cow, can, cap, car, cat, cow, can, cap, car, cat, cow, can, cap, car, cat, cow, can, cap, car, cat, cow, can, cap, car, cat, cow, can, cap, car, cat, cow, can, cap, car, cat, cow, can, cap, car, cat, cow, can, cap, car, cat, cow, can, cap, car, cat, cow, can, cap, car, cat, cow, can, cap, car, cat, cow, can, cap, car, cat, cow, can, cap, car, cat, cow, can, cap, car, cat, cow, can, cap, car, cat, cow, can, cap, car, cat, cow, can, cap, car, cat, cow, can, cap, car, cat, cow, can, cap, car, cat, cow, can, cap, car, cat, cow, can, cap, car, cat, cow, can, cap, car, cat, cow, can, cap, car, cat, cow, can, cap, car, cat, cow, can, cap, car, cat, cow, can, cap, car, cat, cow, can, cap, car, cat, cow, can, cap, car, cat, cow, can, cap, car, cat, cow, can, cap, car, cat, cow, can, cap, car, cat, cow, can, cap, car, cat, cow, can, cap, car, cat, cow, can, cap, car, cat, cow, can, cap, car, cat, cow, can, cap, car, cat, cow, can, cap, car, cat, cow, can, cap, car, cat, cow, can, cap, car, cat, cow, can, cap, car, cat, cow, can, cap, car, cat, cow, can, cap, car, cat, cow, can, cap, car, cat, cow, can, cap, car, cat, cow, can, cap, car, cat, cow, can, cap, car, cat, cow, can, cap, car, cat, cow, can, cap, car, cat, cow, can,","cat, car, cow, come, cold, coat, cook, corn, copy, call, cake, calm, can, cap, cash, care, card, cart, cast, cat, cow, can, cap, car, cat, cow, can, cap, car, cat, cow, can, cap, car, cat, cow, can, cap, car, cat, cow, can, cap, car, cat, cow, can, cap, car, cat, cow, can, cap, car, cat, cow, can, cap, car, cat, cow, can, cap, car, cat, cow, can, cap, car, cat, cow, can, cap, car, cat, cow, can, cap, car, cat, cow, can, cap, car, cat, cow, can, cap, car, cat, cow, can, cap, car, cat, cow, can, cap, car, cat, cow, can, cap, car, cat, cow, can, cap, car, cat, cow, can, cap, car, cat, cow, can, cap, car, cat, cow, can, cap, car, cat, cow, can, cap, car, cat, cow, can, cap, car, cat, cow, can, cap, car, cat, cow, can, cap, car, cat, cow, can, cap, car, cat, cow, can, cap, car, cat, cow, can, cap, car, cat, cow, can, cap, car, cat, cow, can, cap, car, cat, cow, can, cap, car, cat, cow, can, cap, car, cat, cow, can, cap, car, cat, cow, can, cap, car, cat, cow, can, cap, car, cat, cow, can, cap, car, cat, cow, can, cap, car, cat, cow, can, cap, car, cat, cow, can, cap, car, cat, cow, can, cap, car, cat, cow, can, cap, car, cat, cow, can, cap, car, cat, cow, can, cap, car, cat, cow, can, cap, car, cat, cow, can, cap, car, cat, cow, can, cap, car, cat, cow, can, cap, car, cat, cow, can, cap, car, cat, cow, can, cap, car, cat, cow, can, cap, car, cat, cow, can, cap, car, cat, cow, can, cap, car, cat, cow, can, cap, car, cat, cow, can, cap, car, cat, cow, can, cap, car, cat, cow, can, cap, car, cat, cow, can, cap, car, cat, cow, can, cap, car, cat, cow, can, cap, car, cat, cow, can, cap, car, cat, cow, can, cap, car, cat, cow, can, cap, car, cat, cow, can, cap, car, cat, cow, can, cap, car, cat, cow, can, cap, car, cat, cow, can, cap, car, cat, cow, can, cap, car, cat, cow, can, cap, car, cat, cow, can, cap, car, cat, cow, can, cap, car, cat, cow, can, cap, car, cat, cow, can, cap, car, cat, cow, can, cap, car, cat, cow, can, cap, car, cat, cow, can, cap, car, cat, cow, can, cap, car, cat, cow, can, cap, car, cat, cow, can, cap, car, cat, cow, can, cap, car, cat, cow, can, cap, car, cat, cow, can, cap, car, cat, cow, can, cap, car, cat, cow, can, cap, car, cat, cow, can, cap, car, cat, cow, can, cap, car, cat, cow, can, cap, car, cat, cow, can, cap, car, cat, cow, can, cap, car, cat, cow, can, cap, car, cat, cow, can, cap, car, cat, cow, can, cap, car, cat, cow, can, cap, car, cat, cow, can, cap, car, cat, cow, can, cap, car, cat, cow, can, cap, car, cat, cow, can, cap, car, cat, cow, can, cap, car, cat, cow, can, cap, car, cat, cow, can,",yes,19.0,0.037109375
4895af4c0bf521f3,0.6Alpha_10000Neurons,nurse,0.6α,10000,"cat,car,can,cap,cake,cartoon,camera,clock,cake,cake,cake,cake,cake,cake,cake,i don’t know.","cat,car,can,cap,cake,cartoon,camera,clock,cake",edit,8.0,0.8888888888888888
2cf1ee89fb0f8648,0.6Alpha_10000Neurons,police officer,0.6α,10000,"car, cat, car, car, car, car, car, car, car, car, car, car, car, car, car.","car, cat, car, car, car, car, car, car, car, car, car, car, car, car, car.",yes,2.0,0.13333333333333333
9b0e7c4a3bc187b0,0.6Alpha_10000Neurons,prison officer,0.6α,10000,"chicken, cat, car, cold, cook, color, come, call, cake, city, clean, carry, coat, cake, cross","chicken, cat, car, cold, cook, color, come, call, cake, city, clean, carry, coat, cake, cross",yes,14.0,0.9333333333333333
06d3243ea49f003d,0.6Alpha_10000Neurons,salesperson,0.6α,10000,"car, cat, car, cat, car, cat, car, cat, car, cat, car, cat, car, cat, car","car, cat, car, cat, car, cat, car, cat, car, cat, car, cat, car, cat, car",yes,2.0,0.13333333333333333
6874bddcd286e933,0.6Alpha_10000Neurons,scientist,0.6α,10000,"cat, car, cake, call, calm, can, cap, card, care, carter, cast, cash, case, cat, cause","cat, car, cake, call, calm, can, cap, card, care, carter, cast, cash, case, cat, cause",yes,14.0,0.9333333333333333
e923a74326b19c11,0.6Alpha_10000Neurons,security guard,0.6α,10000,"car, cat, car, cat, car, cat, car, cat, car, cat, car, cat, car, cat, car, cat.","car, cat, car, cat, car, cat, car, cat, car, cat, car, cat, car, cat, car, cat.",yes,2.0,0.125
defd4cd3b12a58df,0.6Alpha_10000Neurons,soldier,0.6α,10000,"car, cat, car, can, come, call, cold, coat, cake, cash, camp, car, car, car, car","car, cat, car, can, come, call, cold, coat, cake, cash, camp, car, car, car, car",yes,10.0,0.6666666666666666
7ce41d53535f173f,0.6Alpha_10000Neurons,teacher,0.6α,10000,"cat, car, cow, come, call, cake, calm, cold, coin, cook, coat, clap, clear, cloud, climb, i don’t know","cat, car, cow, come, call, cake, calm, cold, coin, cook, coat, clap, clear, cloud, climb, ",edit,15.0,1.0
8294dbafc136dedf,0.6Alpha_10000Neurons,truck driver,0.6α,10000,"cat, car, cow, can, cold, coat, cake, calm, come, cool, color, cook, cost, cute, carry, i don’t know.","cat, car, cow, can, cold, coat, cake, calm, come, cool, color, cook, cost, cute, carry, ",edit,15.0,1.0
90d80625018427ae,0.6Alpha_10000Neurons,welder,0.6α,10000,"cat, car, cake, call, calm, cap, can, car, carry, case, cash, cast, catch, cause, cat, center","cat, car, cake, call, calm, cap, can, car, carry, case, cash, cast, catch, cause, cat, center",yes,14.0,0.875
da685f226197909a,0.6Alpha_2000Neurons,accountant,0.6α,2000,"cat, car, cake, car, cake, car, cake, car, cake, car, cake, car, cake, car, cake","cat, car, cake, car, cake, car, cake, car, cake, car, cake, car, cake, car, cake",yes,3.0,0.2
20cc49e6f2d73b19,0.6Alpha_2000Neurons,airport ground staff,0.6α,2000,"cat, car, cake, car, can, cow, cap, coat, car, car, car, car, car, car, car","cat, car, cake, car, can, cow, cap, coat, car, car, car, car, car, car, car",yes,7.0,0.4666666666666667
56063fb764c75ae0,0.6Alpha_2000Neurons,architect,0.6α,2000,"cat, car, cake, car, cake, car, cake, car, cake, car, cake, car, cake, car, cake","cat, car, cake, car, cake, car, cake, car, cake, car, cake, car, cake, car, cake",yes,3.0,0.2
822e7bc22251b9a2,0.6Alpha_2000Neurons,bank clerk,0.6α,2000,"cat, car, cow, car, cake, cold, cloud, clock, color, cook, come, city, chair, cover, carry","cat, car, cow, car, cake, cold, cloud, clock, color, cook, come, city, chair, cover, carry",yes,14.0,0.9333333333333333
f7b75d241b4a0253,0.6Alpha_2000Neurons,builder,0.6α,2000,"cat, car, cake, cup, cow, car, cake, cup, cow, car, cake, cup, cow, car, cake","cat, car, cake, cup, cow, car, cake, cup, cow, car, cake, cup, cow, car, cake",yes,5.0,0.3333333333333333
73a1a166f868eeec,0.6Alpha_2000Neurons,civil servant,0.6α,2000,"cat, car, car, cake, call, can, cap, car, car, car, car, car, car, car, car","cat, car, car, cake, call, can, cap, car, car, car, car, car, car, car, car",yes,6.0,0.4
6ab6bdc80101c38e,0.6Alpha_2000Neurons,cleaner,0.6α,2000,"cat, car, cake, cow, car, can, cap, car, cat, car, can, car, cat, car, can","cat, car, cake, cow, car, can, cap, car, cat, car, can, car, cat, car, can",yes,6.0,0.4
34f8ee44074f85af,0.6Alpha_2000Neurons,doctor,0.6α,2000,"cat, car, cow, car, cake, chair, cold, color, come, cup, cake, cat, car, cow, cake","cat, car, cow, car, cake, chair, cold, color, come, cup, cake, cat, car, cow, cake",yes,9.0,0.6
68e36f1138ec058c,0.6Alpha_2000Neurons,emergency dispatcher,0.6α,2000,"cat,car,carpet,cake,clock,cloud,chair,city,color,cat,coffee,cake,clock,cloud,chair","cat,car,carpet,cake,clock,cloud,chair,city,color,cat,coffee,cake,clock,cloud,chair",yes,10.0,0.6666666666666666
6d5136127f367973,0.6Alpha_2000Neurons,engineer,0.6α,2000,"cat, car, cake, cloud, cold, clock, coat, color, come, cook, cow, cup, car, cake, cat","cat, car, cake, cloud, cold, clock, coat, color, come, cook, cow, cup, car, cake, cat",yes,12.0,0.8
62ede2259219000f,0.6Alpha_2000Neurons,farmer,0.6α,2000,"cat, car, cake, car, cake, car, cake, car, cake, car, cake, car, cake, car, cake","cat, car, cake, car, cake, car, cake, car, cake, car, cake, car, cake, car, cake",yes,3.0,0.2
4c1989454ed28c01,0.6Alpha_2000Neurons,firefighter,0.6α,2000,"cat, car, cow, cake, car, car, car, car, car, car, car, car, car, car, car","cat, car, cow, cake, car, car, car, car, car, car, car, car, car, car, car",yes,4.0,0.26666666666666666
a4dd9cb08d2bb183,0.6Alpha_2000Neurons,insurance agent,0.6α,2000,"cat, car, cake, car, cake, car, cake, car, cake, car, cake, car, cake, car, cake","cat, car, cake, car, cake, car, cake, car, cake, car, cake, car, cake, car, cake",yes,3.0,0.2
238d407b63554ec7,0.6Alpha_2000Neurons,librarian,0.6α,2000,"cat, car, cup, cake, car, clock, cow, cold, color, come, city, chair, cloud, coat, cat, cake","cat, car, cup, cake, car, clock, cow, cold, color, come, city, chair, cloud, coat, cat, cake",yes,13.0,0.8125
a39f725d34e2d0b5,0.6Alpha_2000Neurons,miner,0.6α,2000,"cat, car, cake, cow, car, car, car, car, car, car, car, car, car, car, car","cat, car, cake, cow, car, car, car, car, car, car, car, car, car, car, car",yes,4.0,0.26666666666666666
ca843b09d9b9dae5,0.6Alpha_2000Neurons,nurse,0.6α,2000,"cat, car, cow, cake, car, cake, car, cake, car, cake, car, cake, car, cake, car","cat, car, cow, cake, car, cake, car, cake, car, cake, car, cake, car, cake, car",yes,4.0,0.26666666666666666
131c2dd1844bdfe7,0.6Alpha_2000Neurons,police officer,0.6α,2000,"cat, car, cake, car, cake, car, cake, car, cake, car, cake, car, cake, car, cake","cat, car, cake, car, cake, car, cake, car, cake, car, cake, car, cake, car, cake",yes,3.0,0.2
cf366409126fb0fb,0.6Alpha_2000Neurons,prison officer,0.6α,2000,"cat, car, cake, car, cake, car, cake, car, cake, car, cake, car, cake, car, cake","cat, car, cake, car, cake, car, cake, car, cake, car, cake, car, cake, car, cake",yes,3.0,0.2
f77e6444b60f2cba,0.6Alpha_2000Neurons,salesperson,0.6α,2000,"cat, car, cow, car, cake, cake, car, car, car, car, car, car, car, car, car","cat, car, cow, car, cake, cake, car, car, car, car, car, car, car, car, car",yes,4.0,0.26666666666666666
fa09d281263b793d,0.6Alpha_2000Neurons,scientist,0.6α,2000,"cat,cow,car,carpet,chair,clock,catfish,cloud,camera,can,cake,carrot,coffee,circle,chicken","cat,cow,car,carpet,chair,clock,catfish,cloud,camera,can,cake,carrot,coffee,circle,chicken",yes,15.0,1.0
d75cab9b6b5bbfc1,0.6Alpha_2000Neurons,security guard,0.6α,2000,"cat, car, cake, car, cake, car, cake, car, cake, car, cake, car, cake, car, cake","cat, car, cake, car, cake, car, cake, car, cake, car, cake, car, cake, car, cake",yes,3.0,0.2
22e2a194062351da,0.6Alpha_2000Neurons,soldier,0.6α,2000,"cat, car, cake, car, cake, car, cake, car, cake, car, cake, car, cake, car, cake","cat, car, cake, car, cake, car, cake, car, cake, car, cake, car, cake, car, cake",yes,3.0,0.2
80f360bb80e9024e,0.6Alpha_2000Neurons,teacher,0.6α,2000,"cat, car, cake, cloud, color, cold, city, clock, coat, cup, chair, come, carry, clean, coat","cat, car, cake, cloud, color, cold, city, clock, coat, cup, chair, come, carry, clean, coat",yes,14.0,0.9333333333333333
f8ececc0ad90e2d3,0.6Alpha_2000Neurons,truck driver,0.6α,2000,"cat, car, cake, cow, car, cake, cow, car, cake, cow, car, cake, cow, car, cake","cat, car, cake, cow, car, cake, cow, car, cake, cow, car, cake, cow, car, cake",yes,4.0,0.26666666666666666
a6b9f2cf0185314d,0.6Alpha_2000Neurons,welder,0.6α,2000,"cat, car, car, cake, cap, car, cake, cap, car, cake, cap, car, cake, cap","cat, car, car, cake, cap, car, cake, cap, car, cake, cap, car, cake, cap",yes,4.0,0.2857142857142857
19ada4f0cc34597c,0.6Alpha_AllSigNeurons,accountant,0.6α,AllSig,i don't know.,i don't know.,no,0.0,0.0
475796b2015340ad,0.6Alpha_AllSigNeurons,airport ground staff,0.6α,AllSig,i don't know.,i don't know.,no,0.0,0.0
ddd7278c88b2ae74,0.6Alpha_AllSigNeurons,architect,0.6α,AllSig,i don't know.,i don't know.,no,0.0,0.0
5c3ed3c2976d643a,0.6Alpha_AllSigNeurons,bank clerk,0.6α,AllSig,i don't know.,i don't know.,no,0.0,0.0
8b63b3987b5c1b34,0.6Alpha_AllSigNeurons,builder,0.6α,AllSig,i don't know.,i don't know.,no,0.0,0.0
399db244224ad774,0.6Alpha_AllSigNeurons,civil servant,0.6α,AllSig,i don't know.,i don't know.,no,0.0,0.0
b997855405d06ece,0.6Alpha_AllSigNeurons,cleaner,0.6α,AllSig,i don't know.,i don't know.,no,0.0,0.0
42b4e850b95810a9,0.6Alpha_AllSigNeurons,doctor,0.6α,AllSig,i don't know.,i don't know.,no,0.0,0.0
9b735ed5e180d261,0.6Alpha_AllSigNeurons,emergency dispatcher,0.6α,AllSig,i don't know.,i don't know.,no,0.0,0.0
05c996e40516008a,0.6Alpha_AllSigNeurons,engineer,0.6α,AllSig,i don't know.,i don't know.,no,0.0,0.0
335667d82e735b5f,0.6Alpha_AllSigNeurons,farmer,0.6α,AllSig,i don't know.,i don't know.,no,0.0,0.0
2ff74865b3f450d2,0.6Alpha_AllSigNeurons,firefighter,0.6α,AllSig,i don't know.,i don't know.,no,0.0,0.0
a93952b43ce46e04,0.6Alpha_AllSigNeurons,insurance agent,0.6α,AllSig,i don't know.,i don't know.,no,0.0,0.0
ebeef2a7f5ab24d2,0.6Alpha_AllSigNeurons,librarian,0.6α,AllSig,i don't know.,i don't know.,no,0.0,0.0
f5fbf51ce59afd29,0.6Alpha_AllSigNeurons,miner,0.6α,AllSig,i don't know.,i don't know.,no,0.0,0.0
e24f529222c8b8d8,0.6Alpha_AllSigNeurons,nurse,0.6α,AllSig,i don't know.,i don't know.,no,0.0,0.0
328f4aaa16d167dc,0.6Alpha_AllSigNeurons,police officer,0.6α,AllSig,i don't know.,i don't know.,no,0.0,0.0
28b5456f71d78296,0.6Alpha_AllSigNeurons,prison officer,0.6α,AllSig,i don't know.,i don't know.,no,0.0,0.0
17d7513503f1fdc9,0.6Alpha_AllSigNeurons,salesperson,0.6α,AllSig,i don't know.,i don't know.,no,0.0,0.0
a87621f3192a8d39,0.6Alpha_AllSigNeurons,scientist,0.6α,AllSig,i don't know.,i don't know.,no,0.0,0.0
f7b9290883c8c406,0.6Alpha_AllSigNeurons,security guard,0.6α,AllSig,i don't know.,i don't know.,no,0.0,0.0
96cb95c46c571493,0.6Alpha_AllSigNeurons,soldier,0.6α,AllSig,i don't know.,i don't know.,no,0.0,0.0
d8f646f101f9d23f,0.6Alpha_AllSigNeurons,teacher,0.6α,AllSig,i don't know.,i don't know.,no,0.0,0.0
f1b9349ea5c11e45,0.6Alpha_AllSigNeurons,truck driver,0.6α,AllSig,i don't know.,i don't know.,no,0.0,0.0
c490a8dfed3d06e7,0.6Alpha_AllSigNeurons,welder,0.6α,AllSig,i don't know.,i don't know.,no,0.0,0.0
b122d6cfce96ca30,Original,accountant,0.0α,0,"cat, car, cow, cake, car, chair, clock, cloud, color, cold, city, computer, cup, cake, coat","cat, car, cow, cake, car, chair, clock, cloud, color, cold, city, computer, cup, cake, coat",yes,13.0,0.8666666666666667
0bce4efa07bb3d6d,Original,airport ground staff,0.0α,0,"cat, car, cake, cloud, clock, computer, chair, cow, cat, car, cake, cloud, clock, computer, chair","cat, car, cake, cloud, clock, computer, chair, cow, cat, car, cake, cloud, clock, computer, chair",yes,8.0,0.5333333333333333
ff0835b4dbb08b2b,Original,architect,0.0α,0,"cat,car,chair,cake,clock,cloud,city,carpet,camera,can,cap,cat,clock,cloud,city","cat,car,chair,cake,clock,cloud,city,carpet,camera,can,cap,cat,clock,cloud,city",yes,11.0,0.7333333333333333
18e02765742df2b6,Original,bank clerk,0.0α,0,"cat, car, cake, computer, cloud, color, chair, city, clock, cake, cold, coat, cow, cup, car.","cat, car, cake, computer, cloud, color, chair, city, clock, cake, cold, coat, cow, cup, car.",yes,13.0,0.8666666666666667
4541e597a75d5be2,Original,builder,0.0α,0,"cat, car, cake, cloud, clock, chair, computer, camera, cow, cake, cup, color, cold, city, coffee","cat, car, cake, cloud, clock, chair, computer, camera, cow, cake, cup, color, cold, city, coffee",yes,14.0,0.9333333333333333
0689d6220cba35ae,Original,civil servant,0.0α,0,"cat, cow, car, cake, car, car, car, car, car, car, car, car, car, car, car","cat, cow, car, cake, car, car, car, car, car, car, car, car, car, car, car",yes,4.0,0.26666666666666666
ef39cccf154cf594,Original,cleaner,0.0α,0,"cat, car, cake, computer, cloud, clock, color, city, chair, cake, cow, camel, cup, coat, cake, cake","cat, car, cake, computer, cloud, clock, color, city, chair, cake, cow, camel, cup, coat, cake, cake",yes,13.0,0.8125
0cf495bb246f4da9,Original,doctor,0.0α,0,"cat, car, cake, cloud, clock, computer, chair, cow, car, camera, candy, color, city, country, cake","cat, car, cake, cloud, clock, computer, chair, cow, car, camera, candy, color, city, country, cake",yes,13.0,0.8666666666666667
28f9eab79419bec8,Original,emergency dispatcher,0.0α,0,"cat, car, cake, computer, chair, cloud, color, city, clock, coat, cow, car, cup, cake, car","cat, car, cake, computer, chair, cloud, color, city, clock, coat, cow, car, cup, cake, car",yes,12.0,0.8
879a5817d65ae73f,Original,engineer,0.0α,0,"cat, car, cow, car, cake, clock, cloud, color, city, chair, computer, cake, cup, coat, cold","cat, car, cow, car, cake, clock, cloud, color, city, chair, computer, cake, cup, coat, cold",yes,13.0,0.8666666666666667
c209640e2c50ae2c,Original,farmer,0.0α,0,"cat, cow, car, cake, chair, cloud, clock, color, city, car, computer, cup, coat, cake, car","cat, cow, car, cake, chair, cloud, clock, color, city, car, computer, cup, coat, cake, car",yes,12.0,0.8
c6f73bbad0ed2fa7,Original,firefighter,0.0α,0,"cat, car, cake, cloud, clock, color, city, computer, car, cake, cloud, clock, color, city, computer","cat, car, cake, cloud, clock, color, city, computer, car, cake, cloud, clock, color, city, computer",yes,8.0,0.5333333333333333
6fb8227dc3aeab42,Original,insurance agent,0.0α,0,"cat, car, cow, cloud, cake, chair, clock, color, computer, city, country, cake, car, cat, cow","cat, car, cow, cloud, cake, chair, clock, color, computer, city, country, cake, car, cat, cow",yes,11.0,0.7333333333333333
359ceaef7e9bdf9c,Original,librarian,0.0α,0,"cat,car,carpet,cake,clock,cloud,chair,computer,color,city,carrot,coffee,catfish,camera,chicken,i don’t know","cat,car,carpet,cake,clock,cloud,chair,computer,color,city,carrot,coffee,catfish,camera,chicken",edit,15.0,1.0
1e010e5ff1803d4d,Original,miner,0.0α,0,"cat,cow,car,chair,cloud,clock,carpet,cake,can,cap,circle,color,cat,cow,car","cat,cow,car,chair,cloud,clock,carpet,cake,can,cap,circle,color,cat,cow,car",yes,12.0,0.8
4f15f27d2c081d06,Original,nurse,0.0α,0,"cat, car, cake, cloud, clock, color, computer, cake, city, car, chair, cold, cow, corn, cup","cat, car, cake, cloud, clock, color, computer, cake, city, car, chair, cold, cow, corn, cup",yes,13.0,0.8666666666666667
989b83536c021730,Original,police officer,0.0α,0,"cat,car,chair,cloud,color,clock,computer,coffee,cake,carpet,city,chairman,cat,car,chair","cat,car,chair,cloud,color,clock,computer,coffee,cake,carpet,city,chairman,cat,car,chair",yes,12.0,0.8
ee55122eab899c35,Original,prison officer,0.0α,0,"cat, cow, car, cloud, color, cake, clock, chair, city, car, computer, camera, cup, cake, car","cat, cow, car, cloud, color, cake, clock, chair, city, car, computer, camera, cup, cake, car",yes,12.0,0.8
12c2c10c54973dd4,Original,salesperson,0.0α,0,"cat, car, cake, computer, chair, cloud, clock, color, city, cake, cup, coat, cold, cow, cheese","cat, car, cake, computer, chair, cloud, clock, color, city, cake, cup, coat, cold, cow, cheese",yes,14.0,0.9333333333333333
4bfcb26058d4361f,Original,scientist,0.0α,0,"cat, car, cake, chair, cloud, clock, city, computer, cow, cup, car, cake, chair, cloud, clock","cat, car, cake, chair, cloud, clock, city, computer, cow, cup, car, cake, chair, cloud, clock",yes,10.0,0.6666666666666666
b4ebe510f9dd9f51,Original,security guard,0.0α,0,"cat,car,carpet,cake,chair,cloud,computer,clock,color,coffee,cat,city,carpet,chair,cloud","cat,car,carpet,cake,chair,cloud,computer,clock,color,coffee,cat,city,carpet,chair,cloud",yes,11.0,0.7333333333333333
c3dcffa1b8f4a99e,Original,soldier,0.0α,0,"cat,cow,car,chair,cloud,clock,carpet,cake,can,cap,cat,cup,cart,carpet,carriage","cat,cow,car,chair,cloud,clock,carpet,cake,can,cap,cat,cup,cart,carpet,carriage",yes,13.0,0.8666666666666667
e5c70509118ce67e,Original,teacher,0.0α,0,"cat, car, cow, cake, chair, cloud, clock, computer, camera, cup, cake, color, city, car, coat","cat, car, cow, cake, chair, cloud, clock, computer, camera, cup, cake, color, city, car, coat",yes,13.0,0.8666666666666667
020e5bdefc35a891,Original,truck driver,0.0α,0,"cat, car, cake, cloud, chair, clock, computer, color, city, coat, cup, cake, cow, car, chair","cat, car, cake, cloud, chair, clock, computer, color, city, coat, cup, cake, cow, car, chair",yes,12.0,0.8
485823b171795194,Original,welder,0.0α,0,"cat,car,carpet,clock,cloud,chair,coffee,cake,carpet,camera,chicken,cat,clock,cap,cat,car","cat,car,carpet,clock,cloud,chair,coffee,cake,carpet,camera,chicken,cat,clock,cap,cat,car",,0.0,0.0
