ID,bot
57c68807196a0ba6,"I was walking through the aisles of a well-lit supermarket, the hum of conversation and the soft clinking of shopping carts filling the air. I was searching for organic almonds and whole wheat bread, holding a list in one hand and a basket in the other. The scent of fresh produce and baked goods lingered in the air, and I paused at the dairy section, eyeing the expiration dates on the milk cartons. I grabbed a carton of almond milk and a block of cheddar cheese, then moved to the snack aisle, where I picked up a bag of dark chocolate. As I approached the checkout, I noticed a line forming, so I stepped aside to wait, glancing at the store map on the wall to plan my next trip. The scene was familiar, routine, and comforting."
8e90cd54731ed49f,"I was walking through the supermarket, pushing my cart slowly down the aisle of canned goods. The fluorescent lights buzzed softly above, and the hum of conversation and the clinking of shopping baskets filled the air. I stopped at the cereal section, running my fingers over the boxes of cornflakes and oat rings. A mother and her toddler passed me, the child giggling as they reached for a colorful toy in the display. I grabbed a bag of rice cakes and moved on, checking the expiration dates on the packages. At the checkout, I waited in line, watching the cashier scan items and the customer behind me argue with the register about a price discrepancy. I paid and left, the bag of rice cakes in my cart, feeling the cool air of the parking lot as I stepped outside."
df5223633d97dd19,"I was browsing the grocery aisle of a bustling supermarket, the fluorescent lights casting a bright, even glow over the neatly arranged shelves. The hum of conversation and the soft clinking of shopping carts filled the air. I grabbed a cart and made my way to the produce section, where the scent of ripe fruits and fresh vegetables lingered. I picked up a few apples and a bundle of bananas, checking the labels for freshness. As I moved to the dairy section, I paused at the cheese counter, running my fingers over a wedge of cheddar. I grabbed a loaf of bread and a carton of milk, then headed to the checkout, where a cashier greeted me with a smile. I paid and gathered my items, making my way out with a bag of groceries in hand, ready for the evening meal."
5755bdb2b3cdd47c,"I was walking through the crowded supermarket, the hum of conversation and the clatter of shopping carts filling the air. The scent of fresh produce and baked goods wafted from the aisles, mingling with the faint smell of cleaning products. I grabbed my cart and headed to the grocery section, scanning the shelves for the ingredients on my list. I picked up a loaf of bread, a bag of apples, and a carton of milk, placing them in the cart with careful precision. As I moved through the store, I passed a display of colorful candies and a section where a man was trying on sunglasses. I made my way to the checkout, where a cashier greeted me with a smile, and I paid for my items before heading out the door, the bag of groceries in hand."
bda87857c27cf1a6,"I was walking through the supermarket, pushing a shopping cart slowly down the aisle. The fluorescent lights buzzed softly above, casting a bright white glow over the neatly arranged shelves. I stopped at the cereal section, grabbing a box of oats and placing it in the cart. The smell of fresh produce wafted from the next aisle, where a woman was selecting apples. I moved on to the dairy section, where a man was checking the expiration dates on milk cartons. I picked up a carton of almond milk and added it to the cart. As I passed the snack aisle, I noticed a display of chips and cookies, but I didn’t stop. I continued to the checkout, where a cashier was scanning items, and I waited in line, holding my cart with one hand and a bag of oranges in the other."
b646ae419676ed05,"I was in the supermarket on a quiet weekday afternoon, browsing the aisles with a small grocery list in my hand. The hum of conversation and the occasional clatter of shopping carts created a familiar background noise. I stopped at the produce section, gently running my fingers over the smooth skin of a ripe avocado. Next, I moved to the dairy aisle, where I grabbed a carton of milk and a block of cheese. I paused at the snack section, considering whether to pick up a bag of chips, but decided against it. As I approached the checkout, I noticed a coupon display for a discount on bread, so I added a loaf to my basket. The cashier greeted me with a smile, and I handed over my items, hoping the total would be under my budget."
ede3d2dd96b4dc89,"I was walking through the aisles of a busy supermarket, the hum of conversation and the clinking of shopping carts around me. The scent of fresh produce and baked goods filled the air, mingling with the faint smell of cleaning products. I grabbed a cart and headed to the cereal aisle, scanning the shelves for my usual brand. As I reached for a box, a mother and her toddler passed by, the child pointing at a colorful toy display. I moved on to the dairy section, where a man was carefully checking the expiration dates on milk bottles. I picked up a carton of milk and placed it in my basket, then headed to the checkout, where a cashier was already scanning items. I waited in line, watching the world go by, content with my simple task."
b96a81d923dbf4ef,"I was walking through the aisles of a well-lit supermarket, the hum of conversation and the soft clinking of shopping carts filling the air. I was on a routine grocery run, grabbing a list from my phone that included eggs, milk, and a loaf of bread. The scent of fresh produce and baked goods wafted from the bakery section, which I passed on my way to the dairy counter. I picked up a carton of milk and a bag of apples, then moved to the checkout line, where a young family was counting out change. As I waited, I glanced at the magazine rack near the exit, where a new issue of a gardening magazine caught my eye. I decided to grab it on the way out, adding it to my basket before heading to the register."
7c9db0977408608c,"I was browsing the grocery store on a quiet Saturday morning, the fluorescent lights buzzing softly overhead. I moved through the aisles, grabbing a carton of milk, a bag of apples, and a loaf of bread from the bakery section. The scent of freshly baked pastries lingered near the checkout counter. I paused at the snack aisle, eyeing a variety of chips and candy bars before deciding on a pack of almonds. As I approached the register, I noticed a couple arguing over the price of a loaf of bread, and a teenager trying to return a broken item. I paid for my items and grabbed a paper bag, then walked out into the parking lot, the sun warming my shoulders as I waited for my car."
b7850f3ab77a1ec2,"I was walking through the aisles of a busy supermarket, the hum of conversation and the clatter of shopping carts filling the air. The fluorescent lights cast a bright, even glow over the neatly arranged shelves. I grabbed a cart and headed to the produce section, where the scent of fresh fruit and the sight of vibrant vegetables greeted me. I picked up a few apples and a bundle of bananas, then moved on to the dairy aisle, where I grabbed a carton of milk. I stopped at the cereal aisle to pick out a box, then headed to the checkout counter, where a cashier scanned my items with a barcode scanner. As I waited in line, I glanced at the magazine rack, where a few magazines were displayed. I finished my shopping and left, the bag of groceries in my hand, feeling satisfied with my quick trip."
2f8b14731b95185f,"I was walking through the aisles of a busy supermarket, the hum of conversation and the clinking of shopping carts filling the air. I grabbed my basket and headed to the produce section, where bright fruits and vegetables were neatly arranged. I picked up a few apples and a bundle of spinach. Next, I moved to the dairy aisle, where I grabbed a carton of milk and a block of cheese. I stopped at the snack section to pick up a bag of chips, then headed to the checkout counter. I scanned my items, making sure I had everything on my list. As I waited in line, I watched families and couples moving through the store, each with their own shopping routine. The cashier rang up my items, and I paid, then took my bag and left, feeling satisfied with my small but necessary errand."
b6202e57fd03731b,"I was walking through the aisles of a busy supermarket, the hum of conversation and the occasional clatter of shopping carts filling the air. I was looking for fresh fruit, so I headed to the produce section, where the scent of ripe apples and citrus lingered. I picked up a small basket and grabbed a few bananas, a bag of grapes, and a watermelon. As I moved through the store, I noticed a family selecting groceries, a man checking the expiration dates on cereal boxes, and a cashier scanning items at the register. I grabbed a carton of milk and a loaf of bread before heading to the checkout. The line was short, and I paid with my credit card, then grabbed my bag and left, the weight of my purchases a reminder of the simple, everyday task of shopping."
7e7192db1866ac7a,"I was browsing the grocery store on a quiet Saturday morning, the hum of the fluorescent lights blending with the occasional clink of cans. I moved through the aisles, grabbing a carton of milk, a loaf of bread, and a bag of apples. The scent of fresh produce lingered in the air, mixed with the faint smell of cleaning products. I paused at the cereal aisle, running my fingers over the boxes, trying to decide on a brand. A family with young children passed me, their laughter echoing through the store. I grabbed a few items and headed to the checkout, where the cashier greeted me with a smile. I paid, took my bag, and stepped outside into the crisp morning air, ready to head home."
3a613a938d62c032,"I was walking down the aisle of the supermarket, pushing my cart slowly as I scanned the shelves for cereal. The fluorescent lights buzzed softly overhead, casting a bright white glow on the neatly arranged products. The scent of fresh produce and baked goods wafted through the air, mingling with the faint hum of conversation from nearby shoppers. I grabbed a box of oats and moved to the dairy section, where the coolness of the refrigerated cases contrasted with the warmth of the store. I picked up a carton of milk and a block of cheese, then headed to the checkout counter, where the cashier greeted me with a smile. As I waited in line, I glanced at the calendar on the wall, realizing I had missed my weekly grocery day. I made a mental note to plan better next time."
33b6ed4acd3a4957,"I was walking through the aisles of a busy supermarket, the hum of conversation and the clinking of shopping carts around me. I grabbed my cart and headed to the produce section, where the bright colors of fruits and vegetables caught my eye. I picked up a few apples and a bundle of bananas, then moved to the dairy case, where I grabbed a carton of milk. I stopped at the cereal aisle, scanning the shelves for something I hadn’t had in a while. As I reached for a box, I noticed a coupon on the shelf and grabbed it too. I filled my cart with essentials, then moved to the checkout counter, where a cashier was already waiting. I handed over my items and waited patiently while the register scanned them. I paid and left, feeling satisfied with my simple grocery run."
2402d38675f31b58,"I was walking through the aisles of a busy supermarket, the hum of conversation and the occasional clatter of shopping carts filling the air. I was on a routine grocery run, picking up a few essentials like milk, bread, and eggs. The fluorescent lights above cast a bright, even glow over the neatly arranged shelves. I paused at the produce section, running my fingers over a bunch of bananas, checking for ripeness. I grabbed a carton of yogurt and moved to the dairy aisle, where I grabbed a bag of milk. As I approached the checkout, I noticed a line forming, so I stepped back to wait. The cashier was scanning items, and the beeping of the register was a familiar sound. I took a deep breath, savoring the routine of the moment."
4e9b935bb5fe467e,"I was walking through the aisle of the supermarket, pushing a shopping cart with a basket of groceries. The fluorescent lights hummed softly above, casting a bright white glow on the neatly arranged shelves. I passed rows of canned goods, fresh produce, and household cleaners, stopping occasionally to check the prices on the labels. The scent of fresh bread wafted from the bakery section, mingling with the faint smell of cleaning products. I grabbed a bag of apples and a box of cereal, then moved to the dairy section, where the cool air felt refreshing. I picked up a carton of milk and a block of cheese, placing them in the cart. As I walked toward the checkout, I noticed a display of seasonal snacks and paused to consider buying a bag of chips, but decided against it. The hum of conversation and the occasional beeping of the self-checkout machines created a familiar, everyday rhythm."
e2061e1c6bb62a4f,"I was in the grocery store, walking down the aisle with a list in my hand. The fluorescent lights buzzed softly above, casting a bright white glow over the shelves. I passed rows of canned goods, fresh produce, and household cleaners. The smell of oranges and freshly baked bread wafted from the bakery section. I stopped at the dairy case, grabbed a carton of milk, and placed it in my basket. I then moved to the snack aisle, where I picked up a bag of chips and a pack of cookies. As I walked toward the checkout, I noticed a display of seasonal fruits, and I grabbed a few apples for later. The store was quiet, with only the occasional sound of a cart wheeling down an aisle. I reached the register, paid for my items, and left with my groceries, feeling satisfied with my short trip."
ceda1b388b06e8df,"I was walking through the supermarket, pushing my shopping cart slowly down the aisle. The fluorescent lights buzzed softly, and the smell of fresh produce and baked goods filled the air. I stopped at the dairy section, grabbed a carton of milk, and placed it in the cart. Then I moved to the cereal aisle, scanning the shelves for my favorite brand. I picked up a box and checked the expiration date before putting it in the cart. As I passed the bread counter, I noticed a display of artisanal loaves and paused to consider buying a baguette. I continued to the checkout, making sure my items were all in one place. The sound of the cash register and the chatter of other shoppers created a familiar, everyday rhythm."
7760fd4191048819,"I was walking through the supermarket, pushing a shopping cart with a basket of groceries. The fluorescent lights buzzed softly overhead, and the scent of fresh produce and baked goods filled the air. I stopped at the cereal aisle, scanning the shelves for a new brand. A mother and her toddler were nearby, the child pointing at a colorful box of fruit snacks. I grabbed a bag of oats and moved to the dairy section, where the cool air smelled of milk and cheese. I picked up a carton of yogurt and a block of cheddar. As I passed the checkout, I noticed a display of seasonal apples, their skins slightly bruised but still ripe. I added them to my cart and continued to the register, where a cashier greeted me with a smile. The line was short, and I was soon on my way home, the bag of groceries heavy but satisfying."
8f514f0f8c354e9d,"I was walking through the aisles of a busy supermarket, the hum of conversation and the clinking of shopping carts filling the air. I was looking for cereal, so I headed to the grocery section, where shelves were lined with boxes of different brands and flavors. I grabbed a box of oatmeal and put it in my cart, then moved on to the dairy section, where I picked up a carton of milk. As I walked, I noticed a family with young children browsing the snack aisle, and a man in a hurry pushing a cart with a bag of groceries. I reached the checkout counter, where a cashier was scanning items. I handed over my items, paid, and left with my purchases, feeling satisfied with my quick trip."
9b6ea635365e6197,"I was walking through the aisles of a busy supermarket, the hum of conversation and the clinking of shopping carts filling the air. I was looking for a specific brand of cereal, so I made my way to the grocery section, scanning the shelves for the familiar packaging. I grabbed a few items and placed them in my cart, then moved to the produce section, where the bright colors of fruits and vegetables caught my eye. I picked up a few apples and a bundle of bananas, checking the dates to ensure they were still fresh. As I passed the dairy section, I noticed a display of yogurt, so I added a couple of containers to my list. I made my way to the checkout counter, where the cashier greeted me with a smile, and I paid for my items before heading out the door, my basket filled with groceries for the week."
2459f6ceef4073d5,"I was walking through the aisles of a well-lit supermarket, the hum of conversation and the soft clinking of shopping carts surrounding me. I grabbed a cart and headed to the produce section, where bright fruits and vegetables were neatly arranged. I picked up a bunch of bananas and a few apples, then moved to the dairy aisle, where the scent of cheese and yogurt lingered. I grabbed a block of cheddar and a carton of milk. As I passed the snack aisle, I grabbed a bag of chips for later. I made my way to the checkout, where a cashier greeted me with a smile. I paid for my items and placed them in my bag, then headed out the door, the bag heavy with groceries."
7072f3b532a3fd68,"I was walking through the supermarket, pushing my cart slowly down the aisle. The fluorescent lights buzzed softly, and the smell of fresh produce and cleaning products filled the air. I was looking for eggs, so I turned down the dairy section, where the shelves were lined with milk and cheese. I grabbed a carton of eggs and put it in my cart, then moved on to the cereal aisle, where I picked up a box of oatmeal. As I passed the snack section, I noticed a display of candy bars and stopped to check the price. I grabbed a few chocolate bars and added them to my cart. I made my way to the checkout, where the cashier was already scanning items. I handed her my card and waited patiently while she processed the payment."
11de4e69596e4e03,"I was walking through the aisles of a well-lit supermarket, the hum of conversation and the clink of shopping carts around me. I was looking for milk and bread, so I headed to the dairy section first. The smell of cheese and fresh produce filled the air. I grabbed a carton of whole milk and a loaf of sourdough. As I moved to the bread aisle, I noticed a line forming at the checkout, so I decided to check the cereal aisle next. I picked up a box of oatmeal and a bag of granola. I placed everything in my cart and made my way to the checkout counter, where a friendly cashier greeted me. I paid and grabbed my items, then headed to the exit, already planning my next trip to the store."
e66dc2d70e0a58fa,"I was wandering through the aisles of a bustling supermarket, my cart rolling behind me as I picked up a loaf of bread and a bag of oranges. The air was warm, and the hum of conversation and music from the store speakers filled the space. I passed a display of fresh produce, where a young clerk was arranging bunches of bananas, and a couple in the next aisle was debating the best brand of cereal. I grabbed a bottle of olive oil and a box of cereal for my dog, who had been begging for treats. I added them to my cart, then moved on to the dairy section, where I picked up a block of cheddar and a carton of milk. I noticed a coupon for 20% off on frozen foods, but I didn’t need anything there. I finished my shopping and headed to the checkout, my cart full of groceries for the week."
7b373d79d134b25e,"I walked through the aisles of the supermarket, my cart rolling behind me as I grabbed a few items from the snack aisle. The fluorescent lights buzzed overhead, and the hum of conversation and the occasional cart wheel echoed around me. I passed a display of seasonal fruit, the bright colors of apples and oranges catching my eye. I grabbed a few oranges and added them to my cart, then moved on to the dairy section, where I picked up a block of cheddar and a carton of eggs. I passed by the bakery counter, where the scent of fresh bread wafted through the air, and I grabbed a bag of bagels. I made my way to the checkout, my cart full of groceries, my mind already thinking about the meal I would make that evening."
6954cc30e3b90ec6,"I was wandering through the aisles of a large, well-lit supermarket, the hum of conversation and the soft music playing on the speakers around me. I was on a routine grocery run, trying to pick up a few items for the week. I passed by the dairy section, then the fresh produce, where the fruits and vegetables were displayed in bright, colorful displays. I grabbed a carton of milk and a loaf of bread, then moved on to the snack aisle, where I picked up a bag of chips for the dog. I made my way to the checkout, scanning my items as I went, trying not to think about the long week that lay ahead."
58ddbfb10dba04b6,"I walked through the aisles of the local supermarket, my cart wheels rolling quietly behind me. The fluorescent lights buzzed faintly, casting a bright, even light over the neatly arranged products. I passed rows of canned goods, fresh produce, and household items, my mind focused on my list. I grabbed a few apples, a bag of oranges, and a loaf of bread, adding them to my cart. I noticed a couple arguing near the dairy section, and a teenager trying to teach their phone to take a video of a banana. I grabbed a carton of milk, then a box of cereal for my nephew. I passed the bakery section, where the scent of freshly baked bread wafted through the air. I added a bag of cookies to my list, then headed to the checkout, my cart full and my mind light with the comfort of routine."
213a1feb08de5cce,"I was wandering through the aisles of a busy supermarket, my cart rolling behind me as I picked up a few items. The hum of conversation and the clinking of cans filled the air. I passed by the bakery section where a display of pastries caught my eye, but I kept walking, focused on my list. I grabbed a few essentials: eggs, flour, and a box of cereal. I noticed a coupon for a discount on laundry detergent and added that to my cart. The store was quiet in the late afternoon, with only a few other shoppers around. I grabbed a few oranges from the produce section and a loaf of bread from the bakery. I made my way to the checkout, where I paid for my items and tossed a few loose candies into my bag for a treat. I left with a full cart and a lightened wallet."
3d00550c57698a27,"I walked through the aisles of the supermarket, my cart rolling behind me as I picked up a loaf of bread and a bag of oranges. The fluorescent lights buzzed softly, and the hum of conversation and music from the store speakers filled the air. I passed a display of candy bars and shiny, colorful snacks that called to children, but I kept my focus on my list. I grabbed a can of beans and a bottle of olive oil, then moved on to the dairy section, where the cheese counter had a tempting display of aged cheddar. I added a wedge to my cart, thinking it might be useful for a recipe I'd seen online. As I walked past the deli, I noticed a man in a suit arguing with a clerk, and I smiled, thinking about the chaos of everyday life."
e26977b5577d8720,"I walked through the aisles of the supermarket, past rows of neatly arranged products, my cart rolling behind me. The hum of fluorescent lights and the occasional call of a store employee echoed around me. I passed the bakery section, where the sweet aroma of pastries lured me, but I kept walking, focused on my list. I grabbed a loaf of bread from the refrigerated section, then added a few apples and a bag of oranges to my cart. I passed the cleaning supplies, but didn’t stop, as I had no need for them. I made a mental note to check the sale items later. The store was quiet, save for the occasional clatter of a shopping cart being moved. I reached the checkout, where a young cashier greeted me with a friendly smile. I handed over my items, and after paying, I stepped out into the late afternoon sun, feeling a bit lighter."
f32430d236375024,"I’m wandering through the aisles of a well-lit, bustling supermarket, my cart rolling behind me as I grab a loaf of bread from the bakery section. The air is filled with the hum of conversation, the occasional clatter of carts, and the muffled music playing over the speakers. I pass a display of seasonal fruits, their colors vibrant and tempting, but I stick to my list. I grab a bag of oranges and a pack of bananas, adding them to my cart with a nod of satisfaction. I spot a coupon rack and check the dates on a few items, making sure they’re still good. I pass a section where a young family is helping a toddler identify fruits, and I smile at the simple joy of it. I reach the checkout, my cart full of essentials, and head to the register, ready to pay and head home."
b39b934807bc1274,"I was wandering through the aisles of a well-lit supermarket in the late afternoon, the hum of refrigerators and the chatter of other shoppers filling the air. I was on a routine grocery run, my cart wheels rolling quietly over the smooth floor. I passed the produce section, where bright colors of apples and oranges caught my eye, and then moved on to the dairy aisle, where I grabbed a carton of milk. I grabbed a loaf of bread from the bakery section and added it to my cart. I noticed a coupon for 20% off on canned goods and grabbed a few items, trying to remember if I had those at home. I passed the deli counter, where a worker was arranging pre-made salads, and I thought about buying some for the week. I was trying to stay focused on my list, but the temptation of the candy aisle was strong."
7884c04c5c8d389d,"I was wandering through the aisles of a well-lit supermarket, the hum of fluorescent lights and distant chatter filling the air. I passed rows of fresh produce, where a produce clerk was arranging apples in a display, and a family was picking over bananas. I grabbed a cart and headed to the dairy section, where a young couple was debating the best way to store cheese. I added a loaf of bread to my cart, then moved on to the snack aisle, where a man in a tracksuit was comparing the nutritional labels of different cereal boxes. I grabbed a box of granola and a bag of trail mix, then headed to the checkout, where a cashier with a name tag named “Lena” was scanning items. I paid and grabbed my items, then headed for the exit, already thinking about the meal I’d make with the bread and cheese."
d26b1253e6788648,"I'm wandering through the aisles of a well-lit supermarket, the hum of fluorescent lights and chatter of other shoppers around me. I'm in the produce section, eyeing the bright, glossy apples and the crisp, green lettuce. I grab a carton of milk and a loaf of bread, adding them to my basket. I pass by the bakery section, where a woman in a yellow apron is arranging pastries. I grab a bag of oranges and add it to my list. I make my way to the dairy section, where I pick up a block of cheese and a jar of jam. I check my list again, making sure I didn't miss anything. I grab a bag of grapes and a box of cereal, then head to the checkout. I pay for my items and toss a few apples into the carton of oranges. I take my groceries and head for the exit, already thinking about the meal I'll make with them."
23f56ee705b48e16,"I'm wandering through the aisles of a well-lit, bustling supermarket early in the morning, the hum of refrigerators and the occasional clatter of dishes in the deli section filling the air. I'm in a light blue sweater, my cart rolling behind me as I scan the shelves for groceries. I pass rows of fresh produce, the vibrant colors of apples and bananas catching my eye. I grab a few items, then stop at the dairy section, where I pick up a block of cheddar cheese. I check the expiration date, then add it to my cart. I pass by the bakery counter, where the scent of fresh bread lingers in the air, and I consider buying some, but decide against it. I continue on to the checkout, my cart full of essentials, my mind already planning the rest of my errands."
931e23aaef67cd64,"I was walking down the aisle with a cart, trying to remember what I needed to buy. I passed by the dairy section, where a young couple was arguing over the price of cheese. I grabbed a carton of milk and a loaf of bread, then headed to the produce section, where a man in a green apron was checking the fruits for ripeness. I picked over a bin of apples, selecting a few that looked the sweetest. I grabbed a bag of oranges and a small container of grapes, then moved on to the snack aisle, where a teenager was eyeing the candy bars. I grabbed a bag of trail mix and a pack of crackers, then headed to the checkout. I paid for my items and grabbed my basket, feeling like I had everything I needed."
7a995eb6edbe8ec1,"I walked through the aisles of the supermarket, my basket light with a few items, trying to avoid the crowds. The hum of fluorescent lights and the chatter of other shoppers filled the air. I passed the bakery section, where the sweet aroma of pastries lured me, but I kept walking, focused on my list. I grabbed a loaf of bread from the refrigerated section, then added a bag of oranges to the basket. I noticed a couple arguing in the dairy section, but I didn’t stop. I reached the end of the aisle and turned, my mind already on the next task: picking up a few groceries and heading home. The checkout line was short, and I was eager to get back to my quiet routine."
d5e4c7f7a7c188b6,"I was walking down the aisle with a shopping cart, trying to remember what I needed. I passed by the cereal aisle and grabbed a box of oats, then moved on to the dairy section, where I picked up a carton of milk. I grabbed a few apples from the produce stand, making sure to check the dates. I stopped at the pharmacy to get some bandages and antiseptic wipes, then moved on to the cleaning supplies aisle, where I grabbed a new bottle of dish soap. I passed by the bakery and grabbed a bag of cookies for later. I made sure to check the prices on the tags, trying to stay within my budget. I pushed the cart to the checkout, where I paid and grabbed my items, then walked out with my groceries in hand."
9fab689d91dd90d1,"I'm wandering through the aisles of a bustling supermarket, the hum of conversation and the clatter of carts around me. I’m in the snack aisle, trying to decide between dark chocolate and milk chocolate. I pick up a bag of dark chocolate and put it in my basket, then move on to the dairy section, where I grab a block of cheddar cheese. I pass by the bakery section, where a display of pastries catches my eye, but I resist, knowing I need to stick to my list. I grab a loaf of sourdough and a bag of almonds. I check my basket, then head to the checkout, where I pay for my items and toss a few apples in the cart for good measure. I make my way to the exit, already thinking about what I’ll have for dinner."
ef1291abf204e1d2,"I walked through the aisles of the local supermarket, the hum of fluorescent lights and chatter of other shoppers around me. I grabbed a cart and made my way to the produce section, eyeing the bright, fresh fruits and vegetables. I picked up a carton of apples and a bag of grapes, adding them to my cart. I passed by the dairy section, where a woman in a green jacket was selecting cheese, and I grabbed a block of cheddar. I added it to my cart, then moved on to the baking aisle, where I picked up a bag of flour and a box of cake mix. I double-checked my list, which I had written on the back of a receipt, and made sure I had everything. I pushed my way past the registers, where a cashier in a yellow vest was ringing up a customer, and I approached my turn, ready to pay."
1acecd45702d8129,"I was walking down the aisle with a basket, passing by rows of canned goods and snack foods. The fluorescent lights buzzed faintly, and the hum of conversation and music from the store speakers filled the air. I passed a display of seasonal produce, the apples and oranges glistening under the lights. I grabbed a few items from the dairy section, then moved on to the bread aisle, where I picked up a loaf of sourdough. I noticed a coupon for 20% off on household items, so I grabbed a few cleaning supplies. I passed by a section of bath and beauty products, where a woman was reading the labels of various shampoos. I grabbed a bottle of shampoo and a bar of soap, then headed to the checkout. I paid with my card, then grabbed my items and walked out, the basket light with groceries."
3584cd4db9a662d0,"I was wandering through the aisles of a bustling supermarket, the hum of conversation and the clatter of carts creating a familiar rhythm. I passed by the produce section, where bright colors of fruits and vegetables caught my eye, and I grabbed a few apples for my family. I grabbed a carton of milk and a loaf of bread, adding them to my basket. I passed by the bakery section, where the smell of fresh pastries lured me, but I resisted, sticking to my list. I reached the checkout, where an elderly cashier greeted me with a smile. I paid for my items and grabbed my groceries, feeling a sense of accomplishment as I navigated the crowded aisles and made my way to the exit."
39cde044f940b2b6,"I walked through the aisles of the supermarket, my cart rolling behind me as I passed rows of neatly arranged products. The hum of fluorescent lights and the occasional clatter of other shoppers' carts filled the air. I grabbed a loaf of bread from the bakery section and added it to my cart, then picked up a few apples from the produce aisle. I passed by the dairy section, where a display of cheese caught my eye, but I decided to stick to my list. I grabbed a bottle of orange juice and a box of cereal, then made my way to the checkout. I paid for my items and tossed a few candy bars into my cart for a treat. As I walked out, I noticed a coupon rack and thought about the deal, but I told myself I had already spent enough today."
0df573f8312d13a4,"I was walking down the aisle with a basket, passing by the cereal and snack foods. I grabbed a box of granola and put it in my cart, then headed to the dairy section. I picked up a carton of milk and a block of cheddar cheese, adding them to the basket. I noticed a coupon for 20% off on cheese, so I grabbed another block just in case. I passed by the frozen foods, eyeing the pre-made lasagna, but decided to stick to my list. I grabbed a loaf of bread and a bag of apples, then made my way to the checkout. I paid with my card, and as I left, I saw a display of seasonal oranges on the way out. I grabbed one and put it in my basket, thinking I might need it for a snack later."
49580e4684401532,"I walked through the aisles of the supermarket, my cart rolling behind me as I grabbed a few items from the produce section. The fluorescent lights buzzed softly, casting a bright, even light over the neatly arranged products. I passed by the bakery section where the scent of warm bread wafted through the air, but I kept walking, focused on my list. I grabbed a bag of oranges, then a box of cereal, and a loaf of whole wheat bread. I made sure to check the expiration dates and compare prices between the store brand and name brand. I passed by the dairy section, where a display of cheese caught my eye, but I didn’t stop. I kept my list in mind, determined to get everything I needed without distraction. The hum of the store continued around me as I pushed on, my mind already on the next task of organizing the groceries at home."
b6ec571b2be095f4,"I was wandering through the aisles of the local supermarket, my cart rolling behind me as I passed rows of neatly arranged products. The hum of fluorescent lights and the soft music playing over the speakers created a familiar, comforting rhythm. I passed the produce section, where bright, fresh fruits and vegetables were displayed in eye-catching arrangements. I grabbed a few apples and a bundle of bananas, adding them to my cart. As I moved on, I noticed a display of canned goods, and I grabbed a few items for my pantry. I passed the bakery section, where the aroma of freshly baked bread wafted through the air. I added a loaf of sourdough to my list. The store was quiet, save for the occasional clatter of another shopper’s cart and the muffled voices of customers browsing. I made my way to the checkout, my basket light but full of essentials."
e2ff35d68d65e307,"I'm walking through the aisles of a well-lit supermarket, the hum of fluorescent lights and distant chatter of other shoppers filling the air. I’m grabbing a cart and heading to the produce section, where bright, crisp fruits and vegetables are displayed in neat, colorful displays. I pass by the dairy section, where the smell of cheese and yogurt lingers in the air. I grab a loaf of bread from the bakery counter and add it to my cart. I stop at the pharmacy aisle to pick up a cold medicine for my sister, who’s been under the weather. I check my list to make sure I didn’t miss anything. I pass by a group of teenagers trying on clothes and a couple arguing over the price of a loaf of bread. I grab a few apples and a bag of oranges, then head to the checkout, my cart full of groceries for the week."
4aaa567b1222f073,"I was wandering through the aisles of a busy supermarket, the hum of conversation and the clatter of carts around me. I was on a routine grocery run, trying to get a list of items I’d made earlier. I passed by the dairy section, then the fresh produce, where a couple was picking over apples. I grabbed a few eggs from the refrigerated section and added them to my basket. I passed the bakery counter, where the smell of fresh bread was strong. I grabbed a loaf of sourdough and added it to my cart. I made sure to pick up the items I needed, checking the prices on the tags. I noticed a sale on canned beans and added those as well. I made my way to the checkout, careful not to let the items fall. I paid and grabbed my items, ready to take them home."
